date,linchpin__gdp_growth,linchpin__cpi_inflation,linchpin__unemployment_rate,linchpin__vix_index,linchpin__10y_treasury_yield,linchpin__federal_funds_rate,linchpin__consumer_sentiment_index,linchpin__housing_starts,linchpin__initial_jobless_claims,linchpin__industrial_production,linchpin__manufacturing_hours,linchpin__durable_goods_orders,linchpin__pmi_manufacturing
2000-01-31,10002.179,169.3,4.0,24.95,6.66,5.45,112.0,1636.0,285000.0,91.4092,41.5,201360.0,0.013581570930604499
2000-02-29,10002.179,170.0,4.1,23.37,6.52,5.73,111.3,1737.0,280000.0,91.7245,41.5,183911.0,-0.024616992458180786
2000-03-31,10002.179,171.0,4.0,24.11,6.26,5.85,107.1,1604.0,272000.0,92.083,41.4,192130.0,0.014247514120761707
2000-04-30,10247.72,170.9,3.8,26.2,5.99,6.02,109.2,1626.0,291000.0,92.6659,41.6,195044.0,0.008531383067680509
2000-05-31,10247.72,171.2,4.0,23.65,6.44,6.27,110.7,1575.0,280000.0,92.9347,41.2,188606.0,-0.011626699016458563
2000-06-30,10247.72,172.2,4.0,19.54,6.1,6.53,106.4,1559.0,296000.0,93.0018,41.3,219745.0,0.05054719791313502
2000-07-31,10318.165,172.7,4.0,20.74,6.05,6.54,108.3,1463.0,298000.0,92.8373,41.5,189265.0,-0.04086659698618019
2000-08-31,10318.165,172.7,4.1,16.84,5.83,6.5,107.3,1541.0,312000.0,92.591,41.1,188730.0,-0.004800794983353729
2000-09-30,10318.165,173.6,3.9,20.57,5.8,6.52,106.8,1507.0,292000.0,92.9827,41.1,199947.0,0.019522406772520928
2000-10-31,10435.744,173.9,3.9,23.63,5.74,6.51,105.8,1549.0,301000.0,92.64,41.1,186158.0,-0.02216323531772092
2000-11-30,10435.744,174.2,3.9,29.65,5.72,6.51,107.6,1551.0,356000.0,92.6604,41.1,189392.0,0.005299784789198214
2000-12-31,10435.744,174.6,3.9,26.85,5.24,6.4,98.4,1532.0,353000.0,92.3457,40.3,188659.0,-0.008359009084482293
2001-01-31,10470.231,175.6,4.2,22.02,5.16,5.98,94.7,1600.0,362000.0,91.8908,40.7,177056.0,-0.01744350428372312
2001-02-28,10470.231,176.0,4.2,28.35,5.1,5.49,90.6,1625.0,386000.0,91.2851,40.5,180276.0,0.0013450916839949142
2001-03-31,10470.231,176.1,4.3,28.64,4.89,5.31,91.5,1590.0,388000.0,91.0585,40.5,182209.0,0.0022238012113936275
2001-04-30,10599.0,176.4,4.4,25.48,5.14,4.8,88.4,1649.0,406000.0,90.7384,40.4,171850.0,-0.019202558564615987
2001-05-31,10599.0,177.3,4.3,22.64,5.39,4.21,92.0,1605.0,405000.0,90.2607,40.4,177749.0,0.008192100331224614
2001-06-30,10599.0,177.7,4.5,19.06,5.28,3.97,92.6,1636.0,394000.0,89.7811,40.3,176350.0,-0.005229167958988479
2001-07-31,10598.02,177.4,4.6,21.62,5.24,3.77,92.4,1670.0,388000.0,89.2352,40.6,170129.0,-0.010781818771263297
2001-08-31,10598.02,177.4,4.9,24.92,4.97,3.65,91.5,1567.0,395000.0,89.157,40.3,170484.0,-0.0019412875186999522
2001-09-30,10598.02,178.1,5.0,31.93,4.73,3.07,81.8,1562.0,517000.0,88.6749,40.2,164123.0,-0.014100768723703628
2001-10-31,10660.465,177.6,5.3,33.56,4.57,2.49,82.7,1540.0,483000.0,88.4051,40.1,171530.0,0.011575937313094786
2001-11-30,10660.465,177.5,5.5,23.84,4.65,2.09,83.9,1602.0,491000.0,87.886,40.0,163811.0,-0.016597125295027645
2001-12-31,10660.465,177.4,5.7,23.8,5.09,1.82,88.8,1568.0,421000.0,87.8518,40.2,165304.0,0.004078592424808191
2002-01-31,10783.5,177.7,5.7,21.09,5.04,1.73,93.0,1698.0,414000.0,88.4634,40.2,163324.0,-0.0008086897999924122
2002-02-28,10783.5,178.0,5.7,21.59,4.91,1.74,90.7,1829.0,398000.0,88.4578,40.2,172406.0,0.016656856550812216
2002-03-31,10783.5,178.5,5.7,16.112097442070855,5.28,1.73,95.7,1642.0,479000.0,89.1265,40.5,167853.0,-0.0026599573848186675
2002-04-30,10887.46,179.3,5.9,21.91,5.21,1.75,93.0,1592.0,414000.0,89.5507,40.6,171852.0,0.009791876954536493
2002-05-31,10887.46,179.5,5.8,19.98,5.16,1.75,96.9,1764.0,403000.0,89.9348,40.6,171854.0,0.001719167524002274
2002-06-30,10887.46,179.6,5.8,25.4,4.93,1.75,92.4,1717.0,386000.0,90.6736,40.7,166070.0,-0.006072090463915257
2002-07-31,10984.04,180.0,5.8,32.03,4.65,1.73,88.1,1655.0,390000.0,90.6436,40.4,174282.0,0.012491063223409548
2002-08-31,10984.04,180.5,5.7,32.64,4.26,1.74,87.6,1633.0,394000.0,90.5505,40.5,177126.0,0.005227248607520707
2002-09-30,10984.04,180.8,5.7,39.69,3.87,1.75,86.1,1804.0,409000.0,90.6373,40.5,166838.0,-0.01704145153159869
2002-10-31,11061.433,181.2,5.7,31.14,3.94,1.75,80.6,1648.0,409000.0,90.3988,40.3,169134.0,0.001594527563944792
2002-11-30,11061.433,181.5,5.9,27.5,4.05,1.34,84.2,1753.0,377000.0,90.8947,40.4,170023.0,0.004515550009141012
2002-12-31,11061.433,181.8,6.0,28.62,4.03,1.24,86.7,1788.0,409000.0,90.3906,40.5,163962.0,-0.01217025237262872
2003-01-31,11174.129,182.6,5.8,31.17,4.05,1.24,82.4,1853.0,407000.0,91.1369,40.3,169994.0,0.012857777941699566
2003-02-28,11174.129,183.6,5.9,29.63,3.9,1.26,79.9,1629.0,421000.0,91.2505,40.3,174113.0,0.007767670667040382
2003-03-31,11174.129,183.9,5.9,29.15,3.81,1.25,77.6,1726.0,436000.0,91.0006,40.4,172245.0,-0.0035696285942234396
2003-04-30,11312.766,183.2,6.0,21.21,3.96,1.26,86.0,1643.0,444000.0,90.4311,40.1,169347.0,-0.00977846443520377
2003-05-31,11312.766,182.9,6.1,19.47,3.57,1.26,92.1,1751.0,431000.0,90.4,40.2,171542.0,0.004499032076464626
2003-06-30,11312.766,183.1,6.3,19.52,3.33,1.22,89.7,1867.0,429000.0,90.5196,40.3,173507.0,0.0047119483947881905
2003-07-31,11566.669,183.7,6.2,19.49,3.98,1.01,90.9,1897.0,398000.0,90.9869,40.1,173320.0,0.0002528035038677046
2003-08-31,11566.669,184.5,6.1,18.63,4.45,1.03,89.3,1833.0,407000.0,90.7933,40.2,173044.0,-0.000580710913909166
2003-09-30,11566.669,185.1,6.1,22.72,4.27,1.01,87.7,1939.0,387000.0,91.3819,40.5,178690.0,0.01462021080118212
2003-10-31,11772.234,184.9,6.0,16.1,4.29,1.01,89.6,1967.0,379000.0,91.5049,40.6,183704.0,0.00969707107118407
2003-11-30,11772.234,185.0,5.8,16.32,4.3,1.0,93.7,2083.0,357000.0,92.1265,40.9,181685.0,0.0016368283646300058
2003-12-31,11772.234,185.5,5.7,18.31,4.27,0.98,92.6,2057.0,349000.0,92.1732,40.7,181513.0,-0.0015482360240927306
2004-01-31,11923.447,186.3,5.7,16.63,4.15,1.0,103.8,1911.0,376000.0,92.3268,40.9,178696.0,-0.002515092200751411
2004-02-29,11923.447,186.7,5.6,14.55,4.08,1.01,94.4,1846.0,348000.0,92.8995,41.0,181662.0,0.008194089093053658
2004-03-31,11923.447,187.1,5.8,16.74,3.83,1.0,95.8,1998.0,340000.0,92.5368,40.9,190869.0,0.012911215813389209
2004-04-30,12112.815,187.4,5.6,17.19,4.35,1.0,94.2,2003.0,339000.0,92.8957,40.7,184368.0,-0.01013361278728695
2004-05-31,12112.815,188.2,5.6,17.437972791807454,4.72,1.0,90.2,1981.0,337000.0,93.5845,41.1,183459.0,0.004435202870742583
2004-06-30,12112.815,188.9,5.6,14.34,4.73,1.03,95.6,1828.0,348000.0,92.8651,40.8,185640.0,-0.0016981847475227916
2004-07-31,12305.307,189.1,5.5,15.32,4.5,1.26,96.7,2002.0,341000.0,93.5502,40.8,186835.0,0.004882104204746751
2004-08-31,12305.307,189.2,5.4,15.29,4.28,1.43,95.9,2024.0,352000.0,93.6301,40.8,183728.0,-0.004647259185189945
2004-09-30,12305.307,189.8,5.4,13.34,4.13,1.61,94.2,1905.0,351000.0,93.7353,40.7,188444.0,0.007414647807305507
2004-10-31,12527.214,190.8,5.5,16.27,4.1,1.76,91.7,2072.0,332000.0,94.5695,40.6,185187.0,-0.0023623840014892704
2004-11-30,12527.214,191.7,5.4,13.24,4.19,1.93,92.8,1782.0,335000.0,94.8015,40.5,192545.0,0.012162215822732735
2004-12-31,12527.214,191.7,5.4,13.29,4.23,2.16,97.1,2042.0,320000.0,95.5415,40.6,193578.0,0.0054725480907914514
2005-01-31,12767.286,191.6,5.3,12.82,4.22,2.28,95.5,2144.0,331000.0,95.8785,40.7,194875.0,0.004159863928392005
2005-02-28,12767.286,192.4,5.4,12.08,4.17,2.5,94.1,2207.0,314000.0,96.5709,40.7,196475.0,0.00535177333813106
2005-03-31,12767.286,193.1,5.2,14.02,4.5,2.63,92.6,1864.0,342000.0,96.4345,40.4,186608.0,-0.01784231465406545
2005-04-30,12922.656,193.7,5.2,15.31,4.34,2.79,87.7,2061.0,334000.0,96.6347,40.4,194847.0,0.014075821048569324
2005-05-31,12922.656,193.6,5.1,13.29,4.14,3.0,86.9,2025.0,340000.0,96.7251,40.4,206623.0,0.018505341762587224
2005-06-30,12922.656,193.7,5.0,12.04,4.0,3.04,96.0,2068.0,311000.0,97.1483,40.4,210020.0,0.0066822856520443175
2005-07-31,13142.642,194.9,5.0,11.57,4.18,3.26,96.5,2054.0,316000.0,96.8397,40.5,194475.0,-0.022733088524575642
2005-08-31,13142.642,196.1,4.9,12.6,4.26,3.5,89.1,2095.0,318000.0,97.1584,40.5,204839.0,0.017304061342787325
2005-09-30,13142.642,198.8,5.0,11.92,4.2,3.62,76.9,2151.0,359000.0,95.2764,40.7,203997.0,-0.00749985418223501
2005-10-31,13324.204,199.1,5.0,15.32,4.46,3.78,74.2,2065.0,322000.0,96.4411,41.0,209901.0,0.01578355616918272
2005-11-30,13324.204,198.1,5.0,12.06,4.54,4.0,81.6,2147.0,311000.0,97.5016,40.9,220733.0,0.019148416485101127
2005-12-31,13324.204,198.1,4.9,12.07,4.47,4.16,91.5,1994.0,302000.0,97.9723,40.8,221499.0,0.0022386256776255834
2006-01-31,13599.16,199.3,4.7,12.95,4.42,4.29,91.2,2273.0,282000.0,98.127,41.0,209540.0,-0.01409516898978438
2006-02-28,13599.16,199.4,4.8,12.34,4.57,4.49,86.7,2119.0,293000.0,98.1687,41.0,219738.0,0.014770537390094573
2006-03-31,13599.16,199.7,4.7,11.39,4.72,4.59,88.9,1969.0,295000.0,98.3913,41.1,227188.0,0.011809921280853031
2006-04-30,13753.424,200.7,4.7,11.59,4.99,4.79,87.4,1821.0,321000.0,98.6826,41.2,214625.0,-0.014675166453746757
2006-05-31,13753.424,201.3,4.6,16.44,5.11,4.94,79.1,1942.0,330000.0,98.7074,41.2,215819.0,0.0017694817912071504
2006-06-30,13753.424,201.8,4.6,13.08,5.11,4.99,84.9,1802.0,309000.0,99.0398,41.2,221220.0,0.00885469151697047
2006-07-31,13870.188,202.9,4.7,14.95,5.09,5.24,84.7,1737.0,311000.0,98.9751,41.4,209494.0,-0.014706815605821344
2006-08-31,13870.188,203.8,4.7,12.31,4.88,5.25,82.0,1650.0,314000.0,99.4047,41.1,210473.0,0.0009642306706135642
2006-09-30,13870.188,202.8,4.5,11.98,4.72,5.25,85.4,1720.0,309000.0,99.2246,41.1,234701.0,0.03380893142198564
2006-10-31,14039.56,201.9,4.4,11.1,4.73,5.25,93.6,1491.0,328000.0,99.1229,41.1,216952.0,-0.02309714264480318
2006-11-30,14039.56,202.0,4.5,10.91,4.6,5.25,92.1,1570.0,349000.0,99.0963,41.0,224809.0,0.010027346714897679
2006-12-31,14039.56,203.1,4.4,11.56,4.56,5.24,91.7,1649.0,341000.0,100.1125,41.1,229243.0,0.010750598798479415
2007-01-31,14215.651,203.437,4.6,10.42,4.76,5.25,96.9,1409.0,308000.0,99.7546,41.0,222969.0,-0.01037041978735288
2007-02-28,14215.651,204.226,4.5,15.42,4.72,5.26,91.3,1480.0,322000.0,100.7166,40.9,220962.0,0.0004253835165290102
2007-03-31,14215.651,205.288,4.4,14.64,4.56,5.26,88.4,1495.0,307000.0,100.8952,41.3,229526.0,0.015270641001619524
2007-04-30,14402.082,205.904,4.5,14.22,4.69,5.25,87.1,1490.0,301000.0,101.5723,41.3,233420.0,0.007773989000681581
2007-05-31,14402.082,206.755,4.4,13.05,4.75,5.25,88.3,1415.0,310000.0,101.6269,41.1,228836.0,-0.007129291255962645
2007-06-30,14402.082,207.234,4.6,16.23,5.1,5.25,85.3,1448.0,317000.0,101.6547,41.4,228868.0,0.0023411523115896
2007-07-31,14564.117,207.603,4.7,23.52,5.0,5.26,90.4,1354.0,305000.0,101.4953,41.3,233176.0,0.004295064068072607
2007-08-31,14564.117,207.667,4.6,23.38,4.67,5.02,83.4,1330.0,329000.0,101.6943,41.3,235758.0,0.004106227001277385
2007-09-30,14564.117,208.547,4.7,18.0,4.52,4.94,83.4,1183.0,317000.0,101.9428,41.3,226473.0,-0.010837642319850448
2007-10-31,14715.058,209.19,4.7,18.53,4.53,4.76,80.9,1264.0,328000.0,101.6446,41.2,230700.0,0.003702882795778295
2007-11-30,14715.058,210.834,4.7,22.87,4.15,4.49,76.1,1197.0,352000.0,102.2167,41.3,227005.0,-0.001825412237876633
2007-12-31,14715.058,211.445,5.0,22.5,4.1,4.24,75.5,1037.0,360000.0,102.2764,41.1,244443.0,0.02182614418473435
2008-01-31,14706.538,212.174,5.0,26.2,3.74,3.94,78.4,1084.0,366000.0,102.1493,41.1,239389.0,-0.006699757387165217
2008-02-29,14706.538,212.687,4.9,26.54,3.74,2.98,70.8,1103.0,354000.0,101.7756,41.1,235037.0,-0.0069172329373533015
2008-03-31,14706.538,213.448,5.1,25.61,3.51,2.61,69.5,1005.0,387000.0,101.4508,41.3,234868.0,-3.2390567986862086e-05
2008-04-30,14865.701,213.942,5.0,20.79,3.68,2.28,62.6,1013.0,370000.0,100.7554,41.2,231086.0,-0.008299012479517844
2008-05-31,14865.701,215.208,5.4,17.83,3.88,1.98,59.8,973.0,362000.0,100.1336,41.0,227370.0,-0.00874904124526803
2008-06-30,14865.701,217.463,5.6,23.95,4.1,2.0,56.4,1046.0,392000.0,99.8728,41.0,229262.0,0.0014545634086561285
2008-07-31,14898.999,219.016,5.8,22.94,4.01,2.01,61.2,923.0,434000.0,99.4194,41.0,220411.0,-0.01339785538432916
2008-08-31,14898.999,218.69,6.1,20.65,3.89,2.0,63.0,844.0,442000.0,97.8491,40.9,214106.0,-0.015631284043724013
2008-09-30,14898.999,218.877,6.1,39.39,3.69,1.81,70.3,820.0,483000.0,93.5576,40.5,215245.0,-0.01888138656315136
2008-10-31,14608.209,216.995,6.5,59.89,3.81,0.97,57.6,777.0,480000.0,94.4985,40.5,191912.0,-0.028497853594237954
2008-11-30,14608.209,213.153,6.8,55.84,3.53,0.39,55.3,652.0,529000.0,93.2617,40.1,181552.0,-0.024393101009643682
2008-12-31,14608.209,211.398,7.3,40.0,2.42,0.16,60.1,560.0,533000.0,90.6266,39.8,173849.0,-0.026274933643917635
2009-01-31,14430.902,211.933,7.8,44.84,2.52,0.15,61.2,490.0,629000.0,88.3712,39.7,151085.0,-0.04999082778909375
2009-02-28,14430.902,212.705,8.3,46.35,2.87,0.22,56.3,582.0,652000.0,87.843,39.6,148834.0,-0.007616161057606707
2009-03-31,14430.902,212.495,8.7,44.14,2.82,0.18,57.3,505.0,665000.0,86.4689,39.3,146323.0,-0.013591143059622201
2009-04-30,14381.236,212.709,9.0,36.5,2.93,0.15,65.1,478.0,620000.0,85.7903,39.4,147467.0,-3.0308627214981065e-05
2009-05-31,14381.236,213.022,9.4,28.92,3.29,0.18,68.7,540.0,607000.0,84.9436,39.3,149255.0,-0.001071763010247429
2009-06-30,14381.236,214.79,9.5,26.35,3.72,0.21,70.8,585.0,594000.0,84.6746,39.6,147033.0,-0.0034428285623906985
2009-07-31,14448.882,214.726,9.5,25.92,3.56,0.16,66.0,594.0,587000.0,85.6853,39.9,153691.0,0.02063194600127838
2009-08-31,14448.882,215.445,9.6,26.01,3.59,0.16,65.7,586.0,564000.0,86.6393,40.0,157489.0,0.01261896231852937
2009-09-30,14448.882,215.861,9.8,25.61,3.4,0.15,73.5,585.0,554000.0,87.3821,40.1,158041.0,0.005230892597999937
2009-10-31,14651.249,216.509,10.0,30.69,3.39,0.12,70.6,534.0,522000.0,87.5809,40.2,161097.0,0.007459182187062785
2009-11-30,14651.249,217.234,9.9,24.51,3.4,0.12,67.4,588.0,475000.0,87.9388,40.5,160419.0,0.002610815604269923
2009-12-31,14651.249,217.347,9.9,21.68,3.59,0.12,72.5,581.0,468000.0,88.2404,40.6,160520.0,0.002301484269651999
2010-01-31,14764.61,217.488,9.8,24.62,3.73,0.11,74.4,614.0,496000.0,89.1897,40.9,181016.0,0.04482550018932043
2010-02-28,14764.61,217.281,9.8,19.5,3.69,0.13,73.6,604.0,488000.0,89.5046,40.5,180450.0,-0.0024597532570737714
2010-03-31,14764.61,217.353,9.9,17.59,3.73,0.16,73.6,636.0,459000.0,90.1356,41.0,182148.0,0.009346613142097992
2010-04-30,14980.193,217.403,9.9,22.05,3.85,0.2,72.2,687.0,449000.0,90.4607,41.1,182948.0,0.003492032370785503
2010-05-31,14980.193,217.29,9.6,20.92183342841765,3.42,0.2,73.6,583.0,458000.0,91.7014,41.4,189932.0,0.019128354878264475
2010-06-30,14980.193,217.199,9.4,34.54,3.2,0.18,76.0,536.0,464000.0,91.9033,41.0,185667.0,-0.00875448776988078
2010-07-31,15141.607,217.605,9.4,23.5,3.01,0.18,67.8,546.0,476000.0,92.2549,41.1,187506.0,0.005233460336255602
2010-08-31,15141.607,217.923,9.5,26.05,2.7,0.19,68.9,599.0,467000.0,92.5936,41.2,191745.0,0.00898064985987861
2010-09-30,15141.607,218.275,9.5,23.7,2.65,0.19,68.2,594.0,459000.0,92.8533,41.4,201932.0,0.01851655810199817
2010-10-31,15309.474,219.035,9.4,21.2,2.54,0.19,67.7,543.0,453000.0,92.6033,41.3,193066.0,-0.014973366118735598
2010-11-30,15309.474,219.59,9.8,23.54,2.76,0.19,71.6,545.0,432000.0,92.6686,41.3,197202.0,0.006708881154351198
2010-12-31,15309.474,220.472,9.3,17.75,3.29,0.18,74.5,539.0,404000.0,93.5916,41.3,193452.0,-0.0017207207554636667
2011-01-31,15351.448,221.187,9.1,19.53,3.39,0.17,74.2,630.0,420000.0,93.3889,41.0,203636.0,0.012747571128252966
2011-02-28,15351.448,221.898,9.0,18.35,3.58,0.16,77.5,517.0,385000.0,93.0045,41.4,196393.0,-0.009390129204263343
2011-03-31,15351.448,223.046,9.0,17.74,3.41,0.14,67.5,600.0,399000.0,93.9684,41.4,212748.0,0.029128675519123414
2011-04-30,15557.539,224.093,9.1,14.75,3.46,0.1,69.8,554.0,468000.0,93.6571,41.4,200733.0,-0.01826770627280858
2011-05-31,15557.539,224.806,9.0,15.45,3.17,0.09,74.3,561.0,418000.0,93.7723,41.5,207170.0,0.010836887041590292
2011-06-30,15557.539,224.806,9.1,16.52,3.0,0.09,71.5,608.0,421000.0,94.0493,41.4,201579.0,-0.007637555416395746
2011-07-31,15647.68,225.395,9.0,25.25,3.0,0.07,63.7,623.0,406000.0,94.4958,41.4,206458.0,0.009160177071849417
2011-08-31,15647.68,226.106,9.0,31.62,2.3,0.1,55.8,585.0,409000.0,95.0974,41.4,216705.0,0.017436279431823153
2011-09-30,15647.68,226.597,9.0,42.96,1.98,0.08,59.5,650.0,406000.0,95.0244,41.4,204738.0,-0.01687381487561308
2011-10-31,15842.259,226.75,8.8,29.96,2.15,0.07,60.8,610.0,399000.0,95.6891,41.5,210799.0,0.012403762459382638
2011-11-30,15842.259,227.169,8.6,27.8,2.01,0.08,63.7,711.0,397000.0,95.6778,41.5,215531.0,0.006687140987713303
2011-12-31,15842.259,227.223,8.5,23.4,1.98,0.07,69.9,694.0,376000.0,96.1809,41.6,223835.0,0.014384630907695439
2012-01-31,16068.805,227.842,8.3,19.44,1.97,0.08,75.0,723.0,372000.0,96.7595,41.8,225940.0,0.00666988125562471
2012-02-29,16068.805,228.329,8.3,18.43,1.97,0.1,75.3,704.0,365000.0,97.0662,41.8,226911.0,0.0025571661805800392
2012-03-31,16068.805,228.807,8.2,15.5,2.17,0.13,76.2,695.0,358000.0,96.5609,41.6,221801.0,-0.010273649703791288
2012-04-30,16207.115,229.187,8.2,17.15,2.05,0.14,76.4,753.0,372000.0,97.251,41.7,218681.0,-0.0006401311276104764
2012-05-31,16207.115,228.713,8.2,24.06,1.8,0.16,79.3,708.0,381000.0,97.4595,41.6,219765.0,0.0016252479133912479
2012-06-30,16207.115,228.524,8.2,17.08,1.62,0.16,73.2,757.0,372000.0,97.4768,41.7,217652.0,-0.0020922870487624866
2012-07-31,16319.541,228.59,8.2,18.93,1.53,0.16,72.3,740.0,372000.0,97.6714,41.7,222748.0,0.007822605739210942
2012-08-31,16319.541,229.918,8.1,17.47,1.68,0.13,74.3,754.0,377000.0,97.2734,41.5,199963.0,-0.03375594827292658
2012-09-30,16319.541,231.015,7.8,15.73,1.72,0.14,78.3,847.0,376000.0,97.2217,41.5,217090.0,0.025482656961373615
2012-10-31,16420.419,231.638,7.8,18.6,1.75,0.16,82.6,915.0,364000.0,97.5311,41.5,218522.0,0.0032518695968747346
2012-11-30,16420.419,231.249,7.7,15.87,1.65,0.16,82.7,833.0,388000.0,97.9084,41.5,217446.0,7.020704976203897e-05
2012-12-31,16420.419,231.221,7.9,18.02,1.72,0.16,72.9,976.0,362000.0,98.1884,41.7,230814.0,0.02103290918731373
2013-01-31,16648.189,231.679,8.0,14.28,1.91,0.14,73.8,888.0,366000.0,98.1736,41.6,223067.0,-0.010848863300476307
2013-02-28,16648.189,232.937,7.7,15.51,1.98,0.15,77.6,962.0,342000.0,98.6434,41.9,234600.0,0.019588208266161387
2013-03-31,16648.189,232.282,7.5,19.983547332742017,1.96,0.14,78.6,1010.0,375000.0,99.047,41.9,217165.0,-0.020658794274742476
2013-04-30,16728.687,231.797,7.6,13.52,1.76,0.15,76.4,835.0,331000.0,98.9445,41.8,226738.0,0.012094571363178163
2013-05-31,16728.687,231.893,7.5,16.3,1.93,0.11,84.5,930.0,353000.0,99.0383,41.7,236717.0,0.012864843962632676
2013-06-30,16728.687,232.445,7.5,16.86,2.3,0.09,84.1,839.0,340000.0,99.2221,41.8,247187.0,0.014730772520727608
2013-07-31,16953.838,232.9,7.3,13.45,2.58,0.09,85.1,880.0,334000.0,98.8987,41.7,220366.0,-0.034572914287461086
2013-08-31,16953.838,233.456,7.2,17.01,2.74,0.08,82.1,917.0,325000.0,99.4897,41.9,224700.0,0.009729357805130045
2013-09-30,16953.838,233.544,7.2,16.6,2.81,0.08,77.5,850.0,319000.0,100.021,41.8,237681.0,0.018751218211690044
2013-10-31,17192.019,233.669,7.2,13.75,2.62,0.09,73.2,925.0,347000.0,99.9037,41.9,232113.0,-0.006779305292269622
2013-11-30,17192.019,234.1,6.9,13.7,2.72,0.08,75.1,1100.0,312000.0,100.1582,42.0,243262.0,0.01614476351488301
2013-12-31,17192.019,234.719,6.7,13.72,2.9,0.09,82.5,1002.0,332000.0,100.374,41.9,237972.0,-0.006376279413278873
2014-01-31,17197.738,235.288,6.6,18.41,2.86,0.07,81.2,888.0,340000.0,99.9899,41.6,224410.0,-0.02077561602621225
2014-02-28,17197.738,235.547,6.7,14.0,2.71,0.07,81.6,944.0,341000.0,100.7471,41.6,231734.0,0.012820113470558602
2014-03-31,17197.738,236.028,6.7,13.88,2.72,0.08,80.0,970.0,330000.0,101.7435,42.0,235757.0,0.012048786335859617
2014-04-30,17518.508,236.468,6.2,13.41,2.71,0.09,84.1,1043.0,345000.0,101.8273,41.9,237607.0,0.001969289081147596
2014-05-31,17518.508,236.918,6.3,11.4,2.56,0.09,81.9,1007.0,312000.0,102.2392,42.1,234339.0,-0.0010761264872116588
2014-06-30,17518.508,237.231,6.1,11.57,2.6,0.1,82.5,911.0,308000.0,102.5774,42.1,238210.0,0.006278812729299554
2014-07-31,17804.228,237.498,6.2,16.95,2.54,0.09,81.8,1085.0,303000.0,102.7954,42.0,299869.0,0.07779041200898001
2014-08-31,17804.228,237.46,6.1,11.98,2.42,0.09,82.5,984.0,303000.0,102.6322,42.0,236049.0,-0.06448292811283055
2014-09-30,17804.228,237.477,5.9,16.31,2.53,0.09,84.6,1023.0,290000.0,102.9417,42.1,236278.0,0.002211576092044187
2014-10-31,17912.079,237.43,5.7,14.03,2.3,0.09,86.9,1074.0,291000.0,102.9611,42.1,233042.0,-0.004033336916102049
2014-11-30,17912.079,236.983,5.8,13.33,2.33,0.09,88.8,1001.0,291000.0,103.5978,42.2,227299.0,-0.004206943320888766
2014-12-31,17912.079,236.252,5.6,19.2,2.21,0.12,93.6,1073.0,285000.0,103.6151,42.1,225089.0,-0.0035609664993328845
2015-01-31,18063.529,234.747,5.7,20.97,1.88,0.11,98.1,1085.0,281000.0,102.7923,42.0,226500.0,-0.002008370629468837
2015-02-28,18063.529,235.342,5.5,13.34,1.98,0.11,95.4,886.0,317000.0,102.1366,41.9,217853.0,-0.014718818832708702
2015-03-31,18063.529,235.976,5.4,15.29,2.04,0.11,93.0,960.0,269000.0,101.7869,41.8,229820.0,0.014393932025780019
2015-04-30,18279.784,236.222,5.4,14.55,1.94,0.12,95.9,1190.0,269000.0,101.2255,41.8,226217.0,-0.006909423827358985
2015-05-31,18279.784,237.001,5.6,13.84,2.2,0.12,90.7,1079.0,275000.0,100.7675,41.8,217855.0,-0.01289917290707332
2015-06-30,18279.784,237.657,5.3,18.23,2.36,0.13,96.1,1205.0,275000.0,100.4588,41.8,229732.0,0.015129978894621287
2015-07-31,18401.626,238.034,5.2,12.12,2.32,0.13,93.1,1146.0,269000.0,101.0893,41.8,227727.0,-0.00010778633399466343
2015-08-31,18401.626,238.033,5.1,28.43,2.17,0.14,91.9,1130.0,279000.0,100.9165,41.8,222828.0,-0.007137532074822939
2015-09-30,18401.626,237.498,5.0,24.5,2.17,0.14,87.2,1224.0,272000.0,100.633,41.8,217818.0,-0.007868814100235077
2015-10-31,18435.137,237.733,5.0,15.07,2.07,0.12,90.0,1058.0,275000.0,100.1563,41.8,226413.0,0.009943058760498745
2015-11-30,18435.137,238.017,5.1,16.13,2.26,0.12,91.3,1172.0,265000.0,99.4366,41.8,222400.0,-0.00819158164223024
2015-12-31,18435.137,237.761,5.0,18.21,2.24,0.24,92.6,1146.0,276000.0,98.9471,41.8,218027.0,-0.007867924810142934
2016-01-31,18525.933,237.652,4.8,20.2,2.09,0.34,92.0,1092.0,282000.0,99.4391,41.9,229203.0,0.018084556825020814
2016-02-29,18525.933,237.336,4.9,20.55,1.78,0.38,91.7,1225.0,269000.0,98.9232,41.8,217223.0,-0.018471653505852125
2016-03-31,18525.933,238.08,5.0,13.95,1.89,0.36,91.0,1111.0,271000.0,98.1635,41.8,218868.0,-0.0008000191089718059
2016-04-30,18711.702,238.992,5.1,15.7,1.81,0.37,89.0,1163.0,278000.0,98.4775,41.8,230281.0,0.016923173620522047
2016-05-31,18711.702,239.557,4.8,14.19,1.81,0.37,94.7,1148.0,263000.0,98.2549,41.9,222761.0,-0.009983189184871354
2016-06-30,18711.702,240.222,4.9,15.63,1.64,0.38,93.5,1203.0,262000.0,98.7315,41.8,207430.0,-0.019422522838637036
2016-07-31,18892.639,240.101,4.8,11.87,1.5,0.39,90.0,1239.0,266000.0,98.8452,42.0,215715.0,0.013878405451734088
2016-08-31,18892.639,240.545,4.9,13.42,1.56,0.4,89.8,1171.0,261000.0,98.7427,41.8,218051.0,0.0014053695410348398
2016-09-30,18892.639,241.176,5.0,13.29,1.63,0.4,91.2,1068.0,247000.0,98.6552,41.9,216921.0,-0.0011914353948435873
2016-10-31,19089.379,241.741,4.9,17.06,1.76,0.4,87.2,1313.0,265000.0,98.7237,42.0,233645.0,0.02412288305306598
2016-11-30,19089.379,242.026,4.7,13.33,2.14,0.41,93.8,1140.0,255000.0,98.3443,41.9,215307.0,-0.025797483119597328
2016-12-31,19089.379,242.637,4.7,14.04,2.49,0.54,98.2,1252.0,244000.0,99.0406,41.9,219170.0,0.008214637711556883
2017-01-31,19280.084,243.618,4.7,11.99,2.43,0.65,98.5,1190.0,241000.0,98.8158,41.9,219738.0,-0.00013043182374654631
2017-02-28,19280.084,244.006,4.6,12.92,2.42,0.66,96.3,1271.0,221000.0,98.4356,41.9,221923.0,0.0014440729174795884
2017-03-31,19280.084,243.892,4.4,12.37,2.48,0.79,96.9,1190.0,236000.0,99.0492,41.8,223132.0,0.003411767056562709
2017-04-30,19438.643,244.193,4.4,10.82,2.3,0.9,97.0,1146.0,232000.0,100.0416,42.0,225070.0,0.008048744500571914
2017-05-31,19438.643,244.004,4.4,10.41,2.3,0.91,97.1,1157.0,253000.0,100.128,41.9,222436.0,-0.0038797371417014447
2017-06-30,19438.643,244.163,4.3,11.18,2.19,1.04,95.0,1249.0,247000.0,100.337,42.0,236645.0,0.02071463624805665
2017-07-31,19692.595,244.243,4.3,10.26,2.32,1.15,93.4,1206.0,245000.0,100.0865,41.9,217820.0,-0.025577781183223236
2017-08-31,19692.595,245.183,4.4,10.59,2.21,1.16,96.8,1159.0,247000.0,99.6323,42.0,222295.0,0.0050641065091811205
2017-09-30,19692.595,246.435,4.3,9.51,2.2,1.15,95.1,1181.0,260000.0,99.7482,41.9,228172.0,0.007682377716133515
2017-10-31,20037.088,246.626,4.2,10.18,2.36,1.15,100.7,1257.0,241000.0,100.9893,42.0,228049.0,0.005531202262136459
2017-11-30,20037.088,247.284,4.2,11.28,2.35,1.16,98.5,1273.0,243000.0,101.2493,42.1,229799.0,0.004046234604957677
2017-12-31,20037.088,247.805,4.1,11.04,2.4,1.3,95.9,1177.0,248000.0,101.4871,41.8,240218.0,0.012403582930623946
2018-01-31,20328.553,248.859,4.0,13.54,2.58,1.41,95.7,1299.0,228000.0,101.4852,41.9,227080.0,-0.01569738172044427
2018-02-28,20328.553,249.529,4.1,19.85,2.86,1.42,99.7,1277.0,216000.0,101.7319,42.3,235442.0,0.014883528377350097
2018-03-31,20328.553,249.577,4.0,15.098398672027265,2.84,1.51,101.4,1318.0,232000.0,102.1943,42.2,243135.0,0.010911306440788726
2018-04-30,20580.912,250.227,4.0,15.93,2.87,1.69,98.8,1276.0,209000.0,103.3551,42.4,242184.0,0.004791880711996821
2018-05-31,20580.912,250.792,3.8,15.43,2.98,1.7,98.0,1357.0,222000.0,102.381,42.1,241312.0,-0.006972727521296318
2018-06-30,20580.912,251.018,4.0,16.09,2.91,1.82,98.2,1192.0,228000.0,103.2256,42.2,240396.0,0.0028736453986527464
2018-07-31,20798.73,251.214,3.8,12.83,2.89,1.91,97.9,1208.0,207000.0,103.3561,42.2,233263.0,-0.008395873910626649
2018-08-31,20798.73,251.663,3.8,12.86,2.89,1.91,96.2,1288.0,211000.0,104.0585,42.1,243656.0,0.015373925953616464
2018-09-30,20798.73,252.182,3.7,12.12,3.0,1.95,100.1,1250.0,210000.0,104.1038,42.0,244691.0,0.0007358813365872186
2018-10-31,20917.867,252.772,3.8,21.23,3.15,2.19,98.6,1221.0,216000.0,103.9297,42.1,236072.0,-0.010521867178012501
2018-11-30,20917.867,252.594,3.8,18.07,3.12,2.2,97.5,1181.0,237000.0,104.0126,41.9,232640.0,-0.0054674975934083095
2018-12-31,20917.867,252.767,3.9,25.42,2.83,2.27,98.3,1095.0,238000.0,104.0451,42.1,239442.0,0.01032845819918804
2019-01-31,21111.6,252.561,4.0,16.57,2.71,2.4,91.2,1226.0,234000.0,103.3598,42.0,232853.0,-0.011602659695479366
2019-02-28,21111.6,253.319,3.8,14.78,2.68,2.4,93.8,1121.0,221000.0,102.8251,41.7,227669.0,-0.010891025425740351
2019-03-31,21111.6,254.277,3.8,13.71,2.57,2.41,98.4,1191.0,203000.0,102.8361,41.7,237072.0,0.012433147283370015
2019-04-30,21397.938,255.233,3.7,13.12,2.53,2.42,97.2,1272.0,224000.0,102.2748,41.6,228770.0,-0.013408373620262535
2019-05-31,21397.938,255.296,3.6,18.71,2.4,2.39,100.0,1293.0,222000.0,102.4176,41.6,220441.0,-0.010363828383430907
2019-06-30,21397.938,255.213,3.6,15.08,2.07,2.38,98.2,1243.0,226000.0,102.5425,41.7,219395.0,-0.00021454951620877285
2019-07-31,21717.171,255.802,3.7,16.12,2.06,2.4,98.4,1240.0,206000.0,102.0057,41.5,224705.0,0.0037280665398801253
2019-08-31,21717.171,256.036,3.6,18.98,1.63,2.13,89.8,1375.0,215000.0,102.7814,41.5,226911.0,0.005986985612860929
2019-09-30,21717.171,256.43,3.5,16.24,1.7,2.04,93.2,1311.0,215000.0,102.4601,41.5,221398.0,-0.008539181587656652
2019-10-31,21933.217,257.155,3.6,13.22,1.71,1.83,95.5,1325.0,215000.0,101.5878,41.4,221854.0,-0.003510422989969597
2019-11-30,21933.217,257.879,3.6,12.62,1.81,1.55,96.8,1353.0,231000.0,102.1494,41.4,213862.0,-0.008595818226060979
2019-12-31,21933.217,258.63,3.6,13.78,1.86,1.55,99.3,1548.0,231000.0,101.9421,41.4,216524.0,0.0029224315277033065
2020-01-31,21727.657,259.127,3.6,18.84,1.76,1.55,99.8,1578.0,210000.0,101.3372,41.3,229093.0,0.01431655582128679
2020-02-29,21727.657,259.25,3.5,40.11,1.5,1.58,101.0,1537.0,215000.0,101.6718,41.5,236175.0,0.012047486556428266
2020-03-31,21727.657,258.076,4.4,53.54,0.87,0.65,89.1,1252.0,5946000.0,97.606,41.2,201235.0,-0.06254680080796918
2020-04-30,19935.444,256.032,14.8,34.15,0.66,0.05,71.8,931.0,3446000.0,84.6812,38.4,161041.0,-0.13327657303504334
2020-05-31,19935.444,255.802,13.2,27.51,0.67,0.05,72.3,1053.0,1639000.0,86.0108,39.4,180205.0,0.04979322214206798
2020-06-30,19935.444,257.042,11.0,30.43,0.73,0.08,78.1,1254.0,1446000.0,91.6745,39.9,196254.0,0.05686449415627788
2020-07-31,21684.551,258.352,10.2,24.46,0.62,0.09,72.5,1523.0,1260000.0,95.0037,40.7,218792.0,0.05499350586622693
2020-08-31,21684.551,259.316,8.4,26.41,0.65,0.1,74.1,1401.0,881000.0,95.9294,41.0,223081.0,0.011989762627878008
2020-09-30,21684.551,259.997,7.8,26.37,0.68,0.09,80.4,1463.0,795000.0,95.8914,41.2,223838.0,0.002322980651786044
2020-10-31,22068.767,260.319,6.9,38.02,0.79,0.09,81.8,1543.0,773000.0,96.5256,41.4,231044.0,0.013759680965416621
2020-11-30,22068.767,260.911,6.7,20.57,0.87,0.09,76.9,1553.0,737000.0,96.9529,41.3,231610.0,0.0017810092321151054
2020-12-31,22068.767,262.045,6.7,22.75,0.93,0.09,80.7,1635.0,773000.0,98.2039,41.5,234080.0,0.009813397256565758
2021-01-31,22656.793,262.639,6.4,33.09,1.08,0.09,79.0,1639.0,803000.0,98.8135,41.6,245054.0,0.01727031109706336
2021-02-28,22656.793,263.573,6.2,27.95,1.26,0.08,76.8,1407.0,704000.0,95.5072,41.4,246694.0,-0.012818588118972529
2021-03-31,22656.793,264.847,6.1,19.4,1.61,0.07,84.9,1668.0,658000.0,98.1929,41.6,249140.0,0.015671967823516365
2021-04-30,23368.861,266.625,6.1,18.61,1.64,0.07,88.3,1492.0,574000.0,98.3317,41.6,247400.0,-0.0015297898512671047
2021-05-31,23368.861,268.404,5.8,19.187102197877568,1.62,0.06,82.9,1607.0,427000.0,99.1867,41.5,248259.0,0.003798503009130505
2021-06-30,23368.861,270.71,5.9,15.83,1.52,0.08,85.5,1638.0,369000.0,99.6483,41.3,249305.0,0.0016797592850134823
2021-07-31,23921.991,271.965,5.4,18.24,1.32,0.1,81.2,1600.0,380000.0,100.0668,41.5,253770.0,0.008505629505106959
2021-08-31,23921.991,272.752,5.1,16.48,1.28,0.09,70.3,1595.0,353000.0,100.0412,41.4,260230.0,0.006811613296769225
2021-09-30,23921.991,273.942,4.7,23.14,1.37,0.08,72.8,1563.0,374000.0,98.9955,41.4,251271.0,-0.014509248629252715
2021-10-31,24777.038,276.528,4.5,16.26,1.58,0.08,71.7,1587.0,262000.0,100.3542,41.3,257877.0,0.01265241080512718
2021-11-30,24777.038,278.824,4.2,27.19,1.56,0.08,67.4,1704.0,222000.0,101.2684,41.5,263631.0,0.011790566780513934
2021-12-31,24777.038,280.806,3.9,17.22,1.47,0.08,70.6,1757.0,216000.0,101.1948,41.5,266894.0,0.0034224319074377617
2022-01-31,25215.491,282.542,4.0,24.83,1.76,0.08,67.2,1712.0,231000.0,101.2146,41.2,274707.0,0.006691728419447618
2022-02-28,25215.491,284.525,3.8,30.15,1.93,0.08,62.8,1742.0,209000.0,101.8458,41.5,271418.0,0.001087140872453751
2022-03-31,25215.491,287.467,3.7,20.56,2.13,0.2,59.4,1678.0,214000.0,102.6732,41.5,271005.0,0.0027931270776189844
2022-04-30,25805.791,288.582,3.7,33.4,2.75,0.33,65.2,1828.0,219000.0,102.9024,41.3,272987.0,0.0016412025178580533
2022-05-31,25805.791,291.299,3.6,26.19,2.9,0.77,58.4,1540.0,200000.0,102.9659,41.1,271508.0,-0.002831300789950497
2022-06-30,25805.791,295.072,3.6,28.71,3.14,1.21,50.0,1542.0,212000.0,102.8224,40.9,272166.0,-0.0012902697271777509
2022-07-31,26272.011,294.94,3.5,21.33,2.9,1.68,51.5,1392.0,228000.0,103.0505,41.0,276260.0,0.006133538727042542
2022-08-31,26272.011,295.162,3.6,25.87,2.9,2.33,58.2,1520.0,210000.0,103.1703,40.9,276622.0,0.00012641535051058914
2022-09-30,26272.011,296.421,3.5,31.62,3.52,2.56,58.6,1470.0,189000.0,103.5326,41.0,271946.0,-0.002933016017695877
2022-10-31,26734.277,297.979,3.6,25.88,3.98,3.08,59.9,1440.0,202000.0,103.4442,41.0,279629.0,0.008134044773855953
2022-11-30,26734.277,298.708,3.6,20.58,3.89,3.78,56.7,1420.0,209000.0,103.1058,40.9,273100.0,-0.009044877161805987
2022-12-31,26734.277,298.808,3.5,21.67,3.62,4.1,59.8,1340.0,204000.0,101.8266,40.6,278589.0,-0.00113349894551762
2023-01-31,27164.359,300.456,3.5,19.4,3.53,4.33,64.9,1361.0,200000.0,102.7476,41.0,280844.0,0.00900188855452917
2023-02-28,27164.359,301.476,3.6,20.7,3.75,4.57,66.9,1404.0,209000.0,102.8003,40.7,274314.0,-0.008965361722915188
2023-03-31,27164.359,301.643,3.5,18.7,3.66,4.65,62.0,1342.0,234000.0,102.8143,40.6,280718.0,0.006321026560408427
2023-04-30,27453.815,302.858,3.4,15.78,3.46,4.83,63.7,1368.0,214000.0,103.2241,40.7,286759.0,0.008789192118045163
2023-05-31,27453.815,303.316,3.6,17.94,3.57,5.06,59.0,1583.0,230000.0,102.9809,40.7,287293.0,-0.00038375830961414616
2023-06-30,27453.815,304.099,3.6,13.59,3.75,5.08,64.2,1415.0,236000.0,102.3809,40.7,294857.0,0.0055680272724330845
2023-07-31,27967.697,304.615,3.5,13.63,3.9,5.12,71.5,1473.0,238000.0,103.0722,40.7,285827.0,-0.0064866100462015455
2023-08-31,27967.697,306.138,3.7,13.57,4.17,5.33,69.4,1305.0,234000.0,103.0951,40.7,285317.0,-0.00044641908482406784
2023-09-30,27967.697,307.374,3.8,17.52,4.38,5.33,67.8,1363.0,216000.0,103.3081,40.7,290883.0,0.006678859245091928
2023-10-31,28296.967,307.653,3.9,18.14,4.8,5.33,63.8,1365.0,217000.0,102.5781,40.8,279021.0,-0.01432318064432887
2023-11-30,28296.967,308.087,3.7,12.92,4.5,5.33,61.3,1510.0,214000.0,102.8868,40.6,300639.0,0.022976589266989433
2023-12-31,28296.967,308.735,3.8,12.45,4.02,5.33,69.7,1568.0,198000.0,102.6309,40.3,287397.0,-0.01642548306806428
2024-01-31,28624.069,309.794,3.7,14.35,4.06,5.33,79.0,1376.0,225000.0,101.483,40.2,276538.0,-0.016553504526967043
2024-02-29,28624.069,311.022,3.9,13.4,4.21,5.33,76.9,1546.0,214000.0,102.7267,40.6,279865.0,0.011496445345633675
2024-03-31,28624.069,312.107,3.9,17.914529789710425,4.21,5.33,79.4,1299.0,223000.0,102.5186,40.6,282096.0,0.0015812047898265953
2024-04-30,29016.714,313.016,3.9,15.65,4.54,5.33,77.2,1377.0,209000.0,102.3568,40.6,282737.0,5.0382755097721946e-05
2024-05-31,29016.714,313.14,4.0,12.92,4.48,5.33,69.1,1315.0,221000.0,102.9797,40.9,282987.0,0.00491624301972622
2024-06-30,29016.714,313.131,4.1,12.44,4.31,5.33,68.2,1329.0,238000.0,103.2534,40.8,263541.0,-0.02028545544135124
2024-07-31,29374.914,313.566,4.2,16.36,4.25,5.33,66.4,1262.0,248000.0,102.5192,40.6,289419.0,0.025143182064869242
2024-08-31,29374.914,314.131,4.2,15.0,3.87,5.33,67.9,1379.0,228000.0,103.0196,40.7,286955.0,0.0001372485339415034
2024-09-30,29374.914,314.851,4.1,16.73,3.72,5.13,70.1,1355.0,227000.0,102.5954,40.7,285908.0,-0.0027416619324278748
2024-10-31,29723.864,315.564,4.1,23.16,4.1,4.83,70.5,1344.0,218000.0,102.2669,40.5,288046.0,-0.000511581661493332
2024-11-30,29723.864,316.449,4.2,13.51,4.36,4.64,71.8,1305.0,225000.0,102.0231,40.7,282318.0,-0.005437815550060177
2024-12-31,29723.864,317.603,4.1,17.35,4.39,4.48,74.0,1526.0,209000.0,103.1654,40.9,277348.0,0.0006715164893960953
