date,layman__oil_price,layman__gas_price,layman__mortgage_rate_30yr,layman__median_home_price,layman__total_retail_sales,layman__cpi_electricity,layman__cpi_used_cars,layman__total_consumer_credit,layman__avg_auto_loan_rate_48mo,layman__total_student_loans,layman__rental_vacancy_rate,layman__cpi_event_admission,layman__cpi_airfare,layman__cpi_transit_fares,layman__consumer_sentiment_index,layman__personal_savings_rate,layman__unemployment_rate,layman__federal_funds_rate,layman__youth_unemployment_rate,layman__food_price_index,layman__general_cpi_index,layman__medical_services_index
1997-01-01,25.17,1.232,7.88,145000.0,223481.0,132.4,154.8,1258365.28,8.92,480966.98,7.5,232.7,198.1,188.9,97.4,5.9,5.3,5.25,9.5,155.9,159.4,231.8
1997-02-01,22.21,1.232,7.88,145000.0,225422.0,132.8,154.7,1261850.81,8.92,480966.98,7.5,233.5,192.9,182.9,99.7,6.0,5.2,5.19,8.6,156.5,159.7,232.2
1997-03-01,20.99,1.217,7.65,145000.0,226161.0,133.0,155.0,1264146.34,9.2,480966.98,7.5,234.3,201.6,186.0,100.0,6.1,5.2,5.39,8.9,156.6,159.8,233.0
1997-04-01,19.72,1.191,7.97,145800.0,224615.0,133.3,154.3,1274087.38,9.2,480966.98,7.9,235.3,204.1,187.2,101.4,6.2,5.1,5.51,9.0,156.5,159.9,233.5
1997-05-01,20.83,1.185,8.08,145800.0,222929.0,132.9,153.5,1278678.42,9.2,480966.98,7.9,236.7,201.5,187.6,103.2,6.5,4.9,5.5,8.2,156.6,159.9,234.1
1997-06-01,19.17,1.204,7.94,145800.0,226057.0,133.0,151.6,1282858.52,8.99,480966.98,7.9,238.5,199.1,186.1,104.5,6.3,5.0,5.56,8.3,156.9,160.2,234.4
1997-07-01,19.63,1.171,7.58,145000.0,228703.0,132.4,150.1,1288782.03,8.99,480966.98,7.9,239.6,203.6,186.6,107.1,5.8,4.9,5.52,7.7,157.2,160.4,234.7
1997-08-01,19.93,1.164,7.36,145000.0,229309.0,131.9,149.0,1294219.24,8.99,480966.98,7.9,241.3,194.0,183.2,104.4,5.7,4.8,5.54,8.1,157.7,160.8,235.1
1997-09-01,19.79,1.229,7.58,145000.0,230312.0,132.4,148.2,1301634.97,8.96,480966.98,7.9,241.1,198.0,186.2,106.0,5.9,4.9,5.54,8.3,158.0,161.2,235.5
1997-10-01,21.26,1.195,7.28,144200.0,229836.0,131.9,147.3,1309389.39,8.96,480966.98,7.7,241.6,205.5,190.3,105.6,5.9,4.7,5.5,8.6,158.3,161.5,236.1
1997-11-01,20.17,1.168,7.21,144200.0,230440.0,133.1,147.0,1312457.18,8.96,480966.98,7.7,242.4,197.5,187.5,107.2,6.1,4.6,5.52,8.5,158.6,161.7,236.9
1997-12-01,18.32,1.14,7.17,144200.0,231181.0,130.5,147.4,1324757.33,8.89,480966.98,7.7,243.5,194.8,188.2,102.1,6.1,4.7,5.5,8.5,158.7,161.8,237.8
1998-01-01,16.71,1.099,6.99,152200.0,231587.0,129.9,148.1,1320044.02,8.89,480966.98,7.7,243.7,200.1,190.0,106.6,7.0,4.6,5.56,9.1,159.5,162.0,238.1
1998-02-01,16.06,1.055,7.12,152200.0,231684.0,128.2,148.7,1324342.72,8.89,480966.98,7.7,245.1,206.6,191.4,110.4,7.0,4.6,5.51,8.4,159.4,162.0,238.8
1998-03-01,15.02,1.038,7.09,152200.0,233083.0,127.5,148.4,1332903.44,8.69,480966.98,7.7,246.4,210.7,191.6,106.5,7.1,4.7,5.49,7.9,159.7,162.0,239.4
1998-04-01,15.44,1.026,7.08,149500.0,235986.0,127.8,148.9,1360456.29,8.69,480966.98,8.0,248.5,210.1,191.0,108.7,6.9,4.3,5.45,7.5,159.7,162.2,240.3
1998-05-01,14.86,1.032,7.22,149500.0,237075.0,128.1,149.9,1363080.86,8.69,480966.98,8.0,249.8,205.0,189.6,106.5,6.6,4.4,5.49,7.6,160.3,162.6,241.2
1998-06-01,13.66,1.047,7.07,149500.0,238971.0,127.9,150.8,1373942.33,8.7,480966.98,8.0,249.9,200.9,187.9,105.6,6.5,4.5,5.56,8.0,160.2,162.8,241.8
1998-07-01,14.08,1.042,6.96,153000.0,237411.0,127.5,151.4,1380720.85,8.7,480966.98,8.2,251.0,207.3,189.6,105.2,6.6,4.5,5.54,8.1,160.6,163.2,242.5
1998-08-01,13.36,1.035,6.97,153000.0,236379.0,127.0,151.4,1386666.45,8.7,480966.98,8.2,250.2,207.8,192.1,104.4,6.5,4.5,5.55,8.4,161.0,163.4,243.3
1998-09-01,14.95,0.998,6.92,153000.0,238550.0,126.0,151.6,1397289.73,8.62,480966.98,8.2,253.1,206.0,190.5,100.9,6.1,4.6,5.51,8.4,161.1,163.5,244.1
1998-10-01,14.39,0.999,6.64,153000.0,242549.0,125.7,152.0,1405396.66,8.62,480966.98,7.8,256.1,205.2,189.2,97.4,5.9,4.5,5.07,7.3,162.0,163.9,244.8
1998-11-01,12.85,1.001,6.83,153000.0,244291.0,126.5,153.0,1408442.69,8.62,480966.98,7.8,257.1,200.8,189.3,102.7,6.0,4.4,4.83,6.8,162.2,164.1,245.3
1998-12-01,11.28,0.954,6.78,153000.0,246530.0,126.2,152.4,1420996.44,8.34,480966.98,7.8,258.0,202.8,191.9,100.5,5.5,4.4,4.68,7.2,162.4,164.4,245.9
1999-01-01,12.47,0.914,6.83,157400.0,246868.0,126.3,150.6,1431236.93,8.34,480966.98,8.2,257.4,206.4,193.2,103.9,6.1,4.3,4.63,7.1,163.0,164.7,246.5
1999-02-01,12.01,0.908,6.74,157400.0,249520.0,126.5,148.3,1441314.59,8.34,480966.98,8.2,259.5,211.4,193.2,108.1,6.0,4.4,4.76,7.7,163.3,164.7,247.3
1999-03-01,14.66,0.891,6.89,157400.0,250667.0,126.7,147.4,1450878.82,8.31,480966.98,8.2,260.5,221.3,196.8,105.7,5.6,4.2,4.81,7.2,163.3,164.8,247.9
1999-04-01,17.34,1.055,6.98,158700.0,252477.0,126.7,148.3,1457670.57,8.31,480966.98,8.1,261.1,225.8,199.4,104.6,4.7,4.3,4.74,7.5,163.5,165.9,248.7
1999-05-01,17.75,1.099,6.93,158700.0,254735.0,126.5,149.6,1468146.61,8.31,480966.98,8.1,262.5,220.2,197.7,106.8,4.4,4.2,4.74,7.4,163.8,166.0,249.3
1999-06-01,17.89,1.088,7.23,158700.0,255449.0,125.8,150.9,1479315.32,8.44,480966.98,8.1,263.3,209.7,192.1,107.3,4.3,4.3,4.76,7.6,163.7,166.0,250.0
1999-07-01,20.07,1.095,7.63,159100.0,257456.0,125.9,152.3,1492377.6,8.44,480966.98,8.2,264.2,223.3,198.3,106.0,4.4,4.3,4.99,7.8,163.9,166.7,250.9
1999-08-01,21.26,1.172,7.7,159100.0,260230.0,125.8,153.8,1503226.61,8.44,480966.98,8.2,265.4,217.2,196.0,104.5,4.3,4.2,5.07,7.4,164.2,167.1,251.7
1999-09-01,23.88,1.214,7.8,159100.0,261317.0,126.1,155.7,1511059.26,8.67,480966.98,8.2,266.0,213.6,194.6,107.2,3.7,4.2,5.22,7.4,164.6,167.8,252.5
1999-10-01,22.64,1.248,7.7,165300.0,261818.0,127.0,156.4,1517281.83,8.67,480966.98,7.9,267.7,224.9,201.5,103.2,4.0,4.1,5.2,7.7,165.0,168.1,253.1
1999-11-01,24.97,1.218,7.96,165300.0,264965.0,127.1,156.1,1525334.42,8.67,480966.98,7.9,256.0,226.4,204.7,107.2,4.1,4.1,5.42,7.6,165.3,168.4,253.9
1999-12-01,26.08,1.262,7.75,165300.0,269863.0,127.1,155.0,1531105.96,8.88,480966.98,7.9,257.0,224.9,204.5,105.4,3.7,4.0,5.3,7.3,165.5,168.8,254.9
2000-01-01,27.18,1.263,8.06,165300.0,268044.0,126.9,153.9,1538520.18,8.88,480966.98,7.9,273.3,221.8,202.6,112.0,4.5,4.0,5.45,7.5,165.6,169.3,255.6
2000-02-01,29.35,1.307,8.25,165300.0,272020.0,127.6,153.0,1549185.29,8.88,480966.98,7.9,276.2,230.2,205.0,111.3,4.0,4.1,5.73,7.6,166.2,170.0,256.5
2000-03-01,29.89,1.413,8.31,165300.0,275192.0,127.4,153.0,1561450.69,9.22,480966.98,7.9,275.5,240.7,208.1,107.1,3.8,4.0,5.85,7.4,166.5,171.0,257.7
2000-04-01,25.74,1.484,8.23,163200.0,271046.0,127.6,154.0,1570527.74,9.22,480966.98,8.0,276.4,239.5,207.2,109.2,4.3,3.8,6.02,7.2,166.7,170.9,258.4
2000-05-01,28.78,1.386,8.13,163200.0,271394.0,127.2,155.4,1583507.92,9.22,480966.98,8.0,277.6,241.3,209.2,110.7,4.3,4.0,6.27,8.0,167.3,171.2,259.2
2000-06-01,31.83,1.509,8.62,163200.0,273422.0,127.9,155.7,1609548.04,9.62,480966.98,8.0,278.4,245.0,211.1,106.4,4.3,4.0,6.53,7.5,167.4,172.2,260.3
2000-07-01,29.77,1.641,8.22,168800.0,272630.0,128.8,155.3,1629751.44,9.62,480966.98,8.2,279.8,246.8,210.3,108.3,4.7,4.0,6.54,7.0,168.3,172.7,261.2
2000-08-01,31.22,1.447,8.13,168800.0,272918.0,128.8,155.2,1651615.4,9.62,480966.98,8.2,281.2,250.4,213.6,107.3,4.8,4.1,6.5,6.6,168.7,172.7,262.4
2000-09-01,33.88,1.456,7.96,168800.0,277548.0,129.3,156.2,1669000.81,9.64,480966.98,8.2,283.9,244.9,212.7,106.8,4.1,3.9,6.52,6.5,168.9,173.6,263.3
2000-10-01,33.08,1.525,7.88,172900.0,276927.0,129.4,157.9,1684599.32,9.64,480966.98,7.8,284.2,236.3,208.5,105.8,4.3,3.9,6.51,6.7,169.0,173.9,264.1
2000-11-01,34.4,1.523,7.68,172900.0,276029.0,130.2,159.3,1700944.54,9.64,480966.98,7.8,285.5,238.0,212.5,107.6,4.3,3.9,6.51,6.8,169.2,174.2,264.7
2000-12-01,28.46,1.489,7.65,172900.0,275791.0,130.5,160.2,1716969.72,9.17,480966.98,7.8,287.1,238.2,213.1,98.4,4.1,3.9,6.4,7.0,170.0,174.6,265.6
2001-01-01,29.58,1.377,7.13,169800.0,278834.0,133.9,160.4,1729851.68,9.17,480966.98,8.2,288.6,239.0,214.0,94.7,4.5,4.2,5.98,7.3,170.3,175.6,267.2
2001-02-01,29.61,1.446,7.15,169800.0,278773.0,133.3,160.4,1748702.02,9.17,480966.98,8.2,288.2,242.0,213.5,90.6,4.6,4.2,5.49,7.4,171.2,176.0,268.3
2001-03-01,27.24,1.41,7.12,169800.0,276450.0,133.9,159.9,1760541.84,8.67,480966.98,8.2,289.3,238.6,209.4,91.5,4.9,4.3,5.31,7.6,171.7,176.1,269.4
2001-04-01,27.41,1.379,6.91,179000.0,280808.0,134.5,159.7,1773098.33,8.67,480966.98,8.3,290.5,235.5,207.8,88.4,4.8,4.4,4.8,8.1,172.1,176.4,270.4
2001-05-01,28.64,1.585,7.12,179000.0,281496.0,136.1,159.1,1781177.46,8.67,480966.98,8.3,291.6,237.5,207.8,92.0,4.3,4.3,4.21,8.1,172.4,177.3,271.3
2001-06-01,27.6,1.656,7.24,179000.0,280401.0,140.6,158.9,1792368.09,8.3,480966.98,8.3,294.7,249.3,213.3,92.6,4.2,4.5,3.97,8.2,173.1,177.7,272.4
2001-07-01,26.45,1.454,7.11,172500.0,279504.0,141.3,158.3,1797350.57,8.3,480966.98,8.4,296.7,248.8,211.9,92.4,5.4,4.6,3.77,7.9,173.6,177.4,272.8
2001-08-01,27.47,1.319,7.03,172500.0,281413.0,140.7,158.0,1806359.04,8.3,480966.98,8.4,299.2,244.3,210.8,91.5,6.5,4.9,3.65,8.9,174.0,177.4,274.3
2001-09-01,25.88,1.48,6.92,172500.0,276084.0,140.1,157.3,1814252.38,7.86,480966.98,8.4,304.1,242.5,211.8,81.8,6.9,5.0,3.07,8.4,174.2,178.1,275.2
2001-10-01,22.21,1.381,6.72,171100.0,294540.0,139.9,157.8,1829840.26,7.86,480966.98,8.8,305.8,236.4,209.9,82.7,2.9,5.3,2.49,9.1,174.8,177.6,276.3
2001-11-01,19.67,1.193,6.64,171100.0,287111.0,139.4,157.4,1857842.79,7.86,480966.98,8.8,305.8,230.0,208.7,83.9,3.4,5.5,2.09,9.3,174.9,177.5,277.4
2001-12-01,19.33,1.097,7.02,171100.0,283705.0,138.6,157.2,1867852.87,7.8,480966.98,8.8,296.7,229.0,208.3,88.8,3.7,5.7,1.82,9.7,174.7,177.4,278.2
2002-01-01,19.67,1.096,7.16,188700.0,283508.0,137.8,155.6,1867418.69,7.8,480966.98,9.1,302.9,236.7,209.7,93.0,5.6,5.7,1.73,9.8,175.3,177.7,279.8
2002-02-01,20.74,1.081,7.02,188700.0,285054.0,137.0,153.9,1881905.37,7.8,480966.98,9.1,312.2,235.3,209.5,90.7,5.4,5.7,1.74,9.7,175.7,178.0,280.4
2002-03-01,24.42,1.087,6.8,188700.0,284262.0,137.3,152.1,1894690.33,7.74,480966.98,9.1,313.2,233.3,208.3,95.7,5.5,5.7,1.73,10.3,176.1,178.5,281.4
2002-04-01,26.27,1.339,7.18,187200.0,288833.0,136.2,151.8,1903957.99,7.74,480966.98,8.4,314.8,234.5,209.8,93.0,5.4,5.9,1.75,10.0,176.4,179.3,282.7
2002-05-01,27.02,1.353,6.88,187200.0,284951.0,136.1,151.8,1914613.99,7.74,480966.98,8.4,316.9,237.7,210.1,96.9,6.1,5.8,1.75,9.0,175.8,179.5,283.9
2002-06-01,25.52,1.348,6.76,187200.0,287372.0,135.5,152.2,1927180.98,7.58,480966.98,8.4,318.3,231.3,207.1,92.4,6.1,5.8,1.75,9.3,175.9,179.6,284.6
2002-07-01,26.94,1.357,6.55,178100.0,290385.0,135.4,152.7,1939211.4,7.58,480966.98,9.0,319.9,227.5,204.6,88.1,5.3,5.8,1.73,9.7,176.1,180.0,286.4
2002-08-01,28.38,1.376,6.34,178100.0,292650.0,135.6,153.4,1947500.09,7.58,480966.98,9.0,320.5,230.2,206.3,87.6,5.2,5.7,1.74,9.5,176.1,180.5,287.2
2002-09-01,29.67,1.365,6.22,178100.0,288410.0,135.8,152.2,1950651.39,7.34,480966.98,9.0,321.8,228.7,205.6,86.1,5.8,5.7,1.75,9.4,176.5,180.8,288.1
2002-10-01,28.85,1.385,5.99,190100.0,289576.0,136.0,150.7,1957151.3,7.34,480966.98,9.3,321.4,225.7,204.5,80.6,5.6,5.7,1.75,10.0,176.4,181.2,289.8
2002-11-01,26.27,1.427,6.13,190100.0,291484.0,136.1,148.8,1965179.13,7.34,480966.98,9.3,324.6,227.8,205.7,84.2,5.6,5.9,1.34,9.6,176.9,181.5,291.2
2002-12-01,29.42,1.336,6.13,190100.0,293947.0,136.6,148.5,1972112.21,7.11,480966.98,9.3,324.4,230.0,206.9,86.7,5.3,6.0,1.24,9.8,177.1,181.8,292.1
2003-01-01,32.94,1.417,5.93,186000.0,295248.0,136.4,148.3,1982561.31,7.11,480966.98,9.4,329.3,228.7,206.3,82.4,5.3,5.8,1.24,9.4,177.1,182.6,292.7
2003-02-01,35.87,1.437,5.9,186000.0,291167.0,136.8,148.4,1993405.69,7.11,480966.98,9.4,330.7,228.5,206.1,79.9,5.2,5.9,1.26,9.5,178.1,183.6,293.0
2003-03-01,33.55,1.617,5.79,186000.0,296325.0,138.2,148.5,2001208.15,7.05,480966.98,9.4,331.5,230.7,207.5,77.6,4.9,5.9,1.25,9.1,178.4,183.9,293.4
2003-04-01,28.25,1.577,5.91,191800.0,295600.0,139.8,148.4,2014099.78,7.05,480966.98,9.6,331.9,229.4,206.8,86.0,5.0,6.0,1.26,10.2,178.5,183.2,294.0
2003-05-01,28.14,1.486,5.79,191800.0,296410.0,140.6,147.9,2027502.51,7.05,480966.98,9.6,333.1,230.0,209.2,92.1,5.3,6.1,1.26,10.4,178.8,182.9,295.2
2003-06-01,30.72,1.439,5.31,191800.0,299626.0,139.6,147.4,2033268.41,6.76,480966.98,9.6,334.7,231.3,209.9,89.7,5.1,6.3,1.22,10.4,179.7,183.1,296.1
2003-07-01,30.76,1.443,5.24,191900.0,302747.0,139.6,145.7,2040064.39,6.76,480966.98,9.9,336.6,232.6,210.7,90.9,5.9,6.2,1.01,10.6,179.8,183.7,297.4
2003-08-01,31.59,1.488,6.14,191900.0,307809.0,140.2,143.3,2049124.34,6.76,480966.98,9.9,338.5,233.4,210.6,89.3,5.7,6.1,1.03,10.3,180.5,184.5,298.3
2003-09-01,28.29,1.688,6.32,191900.0,305933.0,141.2,139.0,2057090.79,6.82,480966.98,9.9,337.1,233.2,210.9,87.7,4.9,6.1,1.01,10.5,180.9,185.1,299.8
2003-10-01,30.33,1.524,5.98,198800.0,304809.0,140.8,135.1,2065495.1,6.82,480966.98,10.2,339.3,234.3,212.1,89.6,5.0,6.0,1.01,9.8,181.6,184.9,300.4
2003-11-01,31.09,1.499,5.94,198800.0,308527.0,140.3,132.0,2066400.09,6.82,480966.98,10.2,337.1,232.5,211.2,93.7,5.0,5.8,1.0,10.3,182.6,185.0,301.4
2003-12-01,32.15,1.454,5.89,198800.0,307407.0,140.5,131.0,2077360.69,6.72,480966.98,10.2,345.2,230.4,210.0,92.6,5.0,5.7,0.98,9.5,183.5,185.5,303.0
2004-01-01,34.27,1.454,5.85,212700.0,309254.0,140.5,131.8,2088243.04,6.72,480966.98,10.4,345.0,232.5,210.8,103.8,4.6,5.7,1.0,9.7,183.4,186.3,303.8
2004-02-01,34.74,1.604,5.68,212700.0,311393.0,141.1,131.8,2095340.36,6.72,480966.98,10.4,346.6,232.4,211.0,94.4,4.6,5.6,1.01,9.5,183.9,186.7,305.2
2004-03-01,36.76,1.664,5.58,212700.0,316912.0,140.4,131.8,2109720.32,6.43,480966.98,10.4,347.1,231.7,211.4,95.8,4.5,5.8,1.0,9.8,184.2,187.1,306.5
2004-04-01,36.69,1.716,5.52,217600.0,313512.0,141.0,131.6,2112716.15,6.43,480966.98,10.2,349.1,230.8,211.2,94.2,4.9,5.6,1.0,9.3,184.6,187.4,307.8
2004-05-01,40.28,1.774,6.01,217600.0,318964.0,141.3,131.8,2120839.15,6.43,480966.98,10.2,350.2,227.2,208.4,90.2,4.8,5.6,1.0,9.7,186.1,188.2,308.6
2004-06-01,38.02,2.004,6.32,217600.0,314958.0,142.1,129.9,2127989.41,6.55,480966.98,10.2,351.3,224.9,207.6,95.6,5.4,5.6,1.03,9.7,186.4,188.9,309.8
2004-07-01,40.69,1.859,6.21,213500.0,318549.0,142.7,130.9,2137092.98,6.55,480966.98,10.1,351.5,223.5,207.6,96.7,4.7,5.5,1.26,9.3,186.8,189.1,310.8
2004-08-01,44.94,1.861,6.08,213500.0,318977.0,143.4,132.0,2143435.12,6.55,480966.98,10.1,353.1,220.4,206.5,95.9,4.7,5.4,1.43,9.0,187.0,189.2,311.8
2004-09-01,45.95,1.827,5.82,213500.0,324569.0,143.4,135.5,2160148.3,6.71,480966.98,10.1,352.1,220.7,205.1,94.2,4.1,5.4,1.61,9.4,186.9,189.8,312.9
2004-10-01,53.13,1.895,5.72,228800.0,326740.0,142.1,136.7,2176719.34,6.71,480966.98,10.0,353.3,223.8,207.1,91.7,3.9,5.5,1.76,9.7,187.8,190.8,314.0
2004-11-01,48.46,1.986,5.64,228800.0,327836.0,143.5,137.7,2183746.35,6.71,480966.98,10.0,355.2,230.9,211.8,92.8,3.4,5.4,1.93,9.1,188.4,191.7,314.7
2004-12-01,43.33,1.903,5.72,228800.0,331874.0,143.5,138.4,2192246.17,6.86,480966.98,10.0,357.6,227.9,210.3,97.1,6.2,5.4,2.16,8.8,188.4,191.7,315.8
2005-01-01,46.84,1.754,5.81,232500.0,328696.0,144.9,138.6,2196777.63,6.86,480966.98,10.1,356.5,224.9,208.9,95.5,2.7,5.3,2.28,9.5,188.7,191.6,316.9
2005-02-01,47.97,1.896,5.66,232500.0,333026.0,145.3,138.4,2211558.71,6.86,480966.98,10.1,357.8,225.0,208.7,94.1,2.3,5.4,2.5,10.0,188.6,192.4,318.4
2005-03-01,54.31,1.904,5.69,232500.0,333581.0,146.1,138.3,2220199.19,6.92,480966.98,10.1,359.1,228.6,211.7,92.6,2.5,5.2,2.63,9.2,189.1,193.1,319.7
2005-04-01,53.04,2.137,6.04,233700.0,336583.0,146.7,138.4,2232535.38,6.92,480966.98,9.8,361.2,233.9,214.8,87.7,2.1,5.2,2.79,8.9,190.4,193.7,320.7
2005-05-01,49.83,2.197,5.78,233700.0,334522.0,148.6,138.8,2232671.52,6.92,480966.98,9.8,363.2,236.9,216.3,86.9,2.6,5.1,3.0,8.8,190.6,193.6,321.8
2005-06-01,56.26,2.051,5.65,233700.0,343998.0,150.2,139.3,2247833.43,7.08,480966.98,9.8,364.7,237.9,217.4,96.0,2.0,5.0,3.04,8.7,190.5,193.7,322.8
2005-07-01,58.7,2.186,5.53,236400.0,346576.0,150.7,139.9,2257230.94,7.08,480966.98,9.9,366.6,239.7,219.0,96.5,1.4,5.0,3.26,8.2,190.9,194.9,324.1
2005-08-01,64.97,2.239,5.77,236400.0,343307.0,152.0,140.1,2267044.88,7.08,480966.98,9.9,364.0,240.0,219.8,89.1,2.0,4.9,3.5,8.7,191.1,196.1,324.2
2005-09-01,65.57,2.581,5.71,236400.0,343956.0,152.9,140.3,2271633.28,7.43,480966.98,9.9,372.1,240.9,220.8,76.9,2.0,5.0,3.62,8.6,191.5,198.8,325.3
2005-10-01,62.37,2.767,5.91,243600.0,344097.0,154.2,140.2,2276843.14,7.43,480966.98,9.6,372.9,243.9,223.2,74.2,2.3,5.0,3.78,8.3,192.0,199.1,326.9
2005-11-01,58.3,2.438,6.15,243600.0,347325.0,159.7,140.3,2283661.27,7.43,480966.98,9.6,374.2,244.5,223.6,81.6,2.6,5.0,4.0,8.3,192.6,198.1,328.7
2005-12-01,59.43,2.124,6.26,243600.0,347405.0,158.6,140.2,2290928.13,7.39,480966.98,9.6,375.1,242.0,222.4,91.5,2.5,4.9,4.16,8.4,192.9,198.1,329.2
2006-01-01,65.51,2.188,6.22,247700.0,357331.0,166.3,140.3,2367471.08,7.39,480966.98,9.5,378.2,244.6,224.6,91.2,3.0,4.7,4.29,8.2,193.6,199.3,329.6
2006-02-01,61.63,2.332,6.12,247700.0,354706.0,167.3,140.4,2374977.32,7.39,480966.98,9.5,380.4,244.4,224.5,86.7,3.2,4.8,4.49,8.6,193.7,199.4,331.2
2006-03-01,62.9,2.236,6.26,247700.0,355665.0,167.8,140.8,2385807.89,7.6,480966.98,9.5,381.8,244.7,224.5,88.9,3.3,4.7,4.59,7.8,194.0,199.7,332.6
2006-04-01,69.69,2.479,6.35,246300.0,357423.0,167.9,141.0,2397680.6,7.6,487126.04,9.6,383.2,245.7,225.6,87.4,3.1,4.7,4.79,8.2,193.8,200.7,333.8
2006-05-01,70.94,2.866,6.58,246300.0,356704.0,167.6,141.1,2407161.45,7.6,487126.04,9.6,386.0,250.1,228.3,79.1,2.9,4.6,4.94,8.1,194.1,201.3,335.0
2006-06-01,70.96,2.784,6.67,246300.0,357879.0,169.9,141.0,2395813.18,7.95,487126.04,9.6,388.6,251.5,229.0,84.9,2.9,4.6,4.99,7.8,194.7,201.8,336.0
2006-07-01,74.41,2.796,6.78,235600.0,359006.0,170.3,140.7,2403099.25,7.95,510548.46,9.9,389.1,252.9,230.1,84.7,2.3,4.7,5.24,8.4,195.2,202.9,336.9
2006-08-01,73.05,2.955,6.72,235600.0,360691.0,170.5,140.4,2415732.03,7.95,510548.46,9.9,390.6,253.2,230.0,82.0,2.5,4.7,5.25,8.2,195.7,203.8,338.1
2006-09-01,63.87,2.8,6.44,235600.0,358961.0,171.1,139.9,2426813.23,7.92,510548.46,9.9,392.6,252.0,229.1,85.4,2.4,4.5,5.25,7.9,196.3,202.8,339.1
2006-10-01,58.88,2.32,6.31,245400.0,358462.0,170.6,139.0,2429399.86,7.92,521382.49,9.8,396.6,248.1,227.0,93.6,2.4,4.4,5.25,8.4,196.9,201.9,340.0
2006-11-01,59.37,2.204,6.4,245400.0,359266.0,170.0,138.3,2440749.07,7.92,521382.49,9.8,398.8,239.1,222.8,92.1,2.7,4.5,5.25,8.5,197.0,202.0,340.8
2006-12-01,62.03,2.221,6.14,245400.0,363730.0,170.4,137.2,2456715.7,7.74,521382.49,9.8,400.2,239.4,222.4,91.7,2.6,4.4,5.24,7.8,197.1,203.1,341.2
2007-01-01,54.57,2.296,6.18,257400.0,363616.0,172.885,136.169,2457945.58,7.74,544988.55,10.1,404.449,245.422,226.154,96.9,2.4,4.6,5.25,8.1,198.378,203.437,343.579
2007-02-01,59.26,2.119,6.34,257400.0,364006.0,173.218,135.533,2470049.92,7.74,544988.55,10.1,406.52,248.365,227.416,91.3,2.8,4.5,5.26,7.6,199.736,204.226,345.35
2007-03-01,60.56,2.338,6.18,257400.0,367158.0,173.827,135.201,2484433.18,7.92,544988.55,10.1,412.808,249.249,227.874,88.4,3.0,4.4,5.26,7.7,200.432,205.288,345.899
2007-04-01,63.97,2.54,6.16,242200.0,366187.0,174.075,134.995,2493729.77,7.92,549270.83,9.5,414.756,248.959,228.041,87.1,3.0,4.5,5.25,7.8,200.952,205.904,347.32
2007-05-01,63.46,2.922,6.16,242200.0,370934.0,174.317,134.653,2510016.06,7.92,549270.83,9.5,416.509,248.001,227.734,88.3,2.8,4.4,5.25,7.2,201.735,206.755,348.491
2007-06-01,67.48,3.195,6.42,242200.0,368154.0,176.073,134.57,2519121.04,7.82,549270.83,9.5,418.287,248.319,228.069,85.3,2.7,4.6,5.25,8.0,202.557,207.234,349.513
2007-07-01,74.18,2.951,6.67,241800.0,369614.0,175.816,134.748,2533667.67,7.82,577380.56,9.8,421.41,249.275,228.753,90.4,2.6,4.7,5.26,8.3,203.232,207.603,351.719
2007-08-01,72.39,2.849,6.69,241800.0,371358.0,176.017,135.255,2552767.07,7.82,577380.56,9.8,426.747,249.24,228.54,83.4,2.2,4.6,5.02,8.4,204.008,207.667,353.376
2007-09-01,79.93,2.756,6.45,241800.0,372869.0,176.98,136.022,2566995.36,7.59,577380.56,9.8,427.251,251.882,230.271,83.4,2.3,4.7,4.94,9.0,205.003,208.547,354.531
2007-10-01,86.2,2.784,6.42,238400.0,375289.0,178.648,136.707,2582326.03,7.59,589489.28,9.6,429.259,257.047,233.182,80.9,2.2,4.7,4.76,8.6,205.651,209.19,356.343
2007-11-01,94.62,2.859,6.26,238400.0,378860.0,178.845,137.559,2597649.3,7.59,589489.28,9.6,431.701,261.014,236.208,76.1,1.9,4.7,4.49,8.3,206.493,210.834,357.75
2007-12-01,91.73,3.072,6.1,238400.0,374298.0,179.029,137.855,2609476.53,7.27,589489.28,9.6,434.983,264.299,238.153,75.5,2.4,5.0,4.24,9.4,206.874,211.445,358.908
2008-01-01,92.95,3.028,6.17,233900.0,375236.0,178.944,138.938,2619427.65,7.27,619315.89,10.1,436.197,266.547,239.173,78.4,2.6,5.0,3.94,8.9,208.126,212.174,360.463
2008-02-01,95.35,2.953,5.68,233900.0,371833.0,179.047,138.818,2634496.42,7.27,619315.89,10.1,437.814,266.22,239.099,70.8,3.0,4.9,2.98,9.0,208.901,212.687,360.75
2008-03-01,105.56,3.115,6.24,233900.0,372745.0,180.178,138.541,2645603.64,6.84,619315.89,10.1,439.181,274.246,244.884,69.5,2.9,5.1,2.61,9.4,209.324,213.448,361.533
2008-04-01,112.57,3.259,5.85,235300.0,372572.0,182.577,137.659,2654243.23,6.84,626605.6,10.0,443.052,274.173,244.577,62.6,2.4,5.0,2.28,8.7,211.127,213.942,362.072
2008-05-01,125.39,3.566,6.06,235300.0,376036.0,184.512,136.393,2660193.15,6.84,626605.6,10.0,445.005,283.328,250.728,59.8,6.8,5.4,1.98,10.2,212.019,215.208,362.658
2008-06-01,133.93,3.913,6.08,235300.0,376455.0,186.139,135.02,2662409.52,6.92,626605.6,10.0,446.944,294.645,258.805,56.4,4.6,5.6,2.0,10.0,213.333,217.463,363.671
2008-07-01,133.44,4.027,6.45,226500.0,375038.0,189.917,133.709,2665321.26,6.92,660584.21,9.9,447.546,300.857,262.819,61.2,3.6,5.8,2.01,10.2,215.434,219.016,364.156
2008-08-01,116.61,3.896,6.52,226500.0,372284.0,192.476,132.535,2662237.78,6.92,660584.21,9.9,457.972,302.057,263.918,63.0,3.1,6.1,2.0,10.7,216.528,218.69,364.977
2008-09-01,103.9,3.667,6.4,226500.0,366729.0,191.3,131.176,2657389.13,7.06,660584.21,9.9,459.318,295.708,260.328,70.3,3.9,6.1,1.81,11.0,217.768,218.877,365.841
2008-10-01,76.65,3.644,6.09,222500.0,352950.0,192.676,129.407,2660729.5,7.06,675952.58,10.1,461.36,284.76,253.282,57.6,4.9,6.5,0.97,10.8,218.667,216.995,366.53
2008-11-01,57.44,2.589,6.46,222500.0,339350.0,193.117,128.048,2651481.39,7.06,675952.58,10.1,462.506,272.217,245.888,55.3,6.0,6.8,0.39,11.2,219.07,213.153,367.459
2008-12-01,41.02,1.79,5.97,222500.0,332091.0,193.965,127.323,2643788.96,6.92,675952.58,10.1,464.981,266.716,241.8,60.1,5.8,7.3,0.16,12.3,219.073,211.398,368.748
2009-01-01,41.74,1.59,5.1,208400.0,336929.0,194.538,126.668,2647028.86,6.92,707226.81,10.1,466.656,263.284,239.157,61.2,5.9,7.8,0.15,12.5,219.234,211.933,369.824
2009-02-01,39.16,1.813,5.1,208400.0,335576.0,195.16,124.405,2638532.74,6.92,707226.81,10.1,468.913,256.319,234.709,56.3,5.4,8.3,0.22,13.2,218.949,212.705,370.853
2009-03-01,47.98,1.868,5.07,208400.0,329747.0,194.917,122.21,2622827.85,6.79,707226.81,10.1,471.696,252.471,232.32,57.3,5.8,8.7,0.18,14.0,218.51,212.495,371.705
2009-04-01,49.79,2.03,4.85,220900.0,331352.0,193.972,121.887,2615973.01,6.79,712319.16,10.6,473.922,248.828,230.179,65.1,6.5,9.0,0.15,14.4,218.175,212.709,373.077
2009-05-01,59.16,2.016,4.78,220900.0,334256.0,192.86,122.533,2610010.78,6.79,712319.16,10.6,475.127,246.273,228.153,68.7,7.8,9.4,0.18,15.0,217.813,213.022,374.359
2009-06-01,69.68,2.502,4.91,220900.0,339883.0,192.218,123.236,2591475.41,6.61,712319.16,10.6,480.982,244.658,227.351,70.8,6.1,9.5,0.21,15.1,217.813,214.79,375.177
2009-07-01,64.09,2.593,5.42,214300.0,340517.0,190.553,122.844,2590854.98,6.61,746522.52,11.1,484.836,252.107,233.266,66.0,5.4,9.5,0.16,15.1,217.387,214.726,376.001
2009-08-01,71.06,2.46,5.25,214300.0,346668.0,190.533,125.011,2582126.01,6.61,746522.52,11.1,488.383,254.411,235.522,65.7,4.4,9.6,0.16,15.2,217.376,215.445,377.091
2009-09-01,69.46,2.553,5.14,214300.0,338507.0,190.915,127.631,2576594.39,6.55,746522.52,11.1,490.263,260.944,238.609,73.5,5.5,9.8,0.15,15.3,217.258,215.861,378.359
2009-10-01,75.82,2.425,4.94,219000.0,341654.0,191.728,132.475,2563422.73,6.55,771699.75,10.7,491.953,267.042,242.361,70.6,5.1,10.0,0.12,15.8,217.452,216.509,379.291
2009-11-01,78.08,2.641,5.03,219000.0,344375.0,192.834,135.73,2551569.29,6.55,771699.75,10.7,495.275,273.984,246.54,67.4,5.5,9.9,0.12,16.0,217.581,217.234,380.45
2009-12-01,74.3,2.594,4.78,219000.0,346072.0,192.778,139.376,2555016.64,6.45,771699.75,10.7,497.024,277.35,249.002,72.5,5.4,9.9,0.12,15.5,217.904,217.347,381.111
2010-01-01,78.22,2.564,5.14,222900.0,345889.0,191.083,142.829,2543508.02,6.45,800069.82,10.6,498.248,273.454,247.107,74.4,5.6,9.8,0.11,15.9,218.489,217.488,382.742
2010-02-01,76.42,2.618,4.98,222900.0,346724.0,190.035,143.173,2530024.28,6.45,800069.82,10.6,501.869,270.971,246.046,73.6,5.3,9.8,0.13,15.8,218.552,217.281,384.308
2010-03-01,81.24,2.671,5.05,222900.0,354119.0,193.547,142.377,2536551.95,6.26,800069.82,10.6,501.877,271.311,246.477,73.6,5.3,9.9,0.16,15.8,218.99,217.353,385.712
2010-04-01,84.48,2.765,5.08,219500.0,357354.0,194.839,141.68,2532764.79,6.26,811148.76,10.6,503.135,273.533,247.937,72.2,6.0,9.9,0.2,17.2,219.209,217.403,386.589
2010-05-01,73.84,2.815,5.06,219500.0,354068.0,193.61,140.952,2521687.94,6.26,811148.76,10.6,505.492,275.82,249.828,73.6,6.4,9.6,0.2,14.7,219.331,217.29,387.094
2010-06-01,75.35,2.679,4.78,219500.0,353647.0,192.905,141.951,2518416.41,6.24,811148.76,10.6,509.137,277.651,250.806,76.0,6.2,9.4,0.18,15.2,219.285,217.199,388.188
2010-07-01,76.37,2.712,4.58,224100.0,354717.0,193.589,142.512,2521104.8,6.24,845804.79,10.3,508.309,279.192,251.942,67.8,6.1,9.4,0.18,15.5,219.234,217.605,388.123
2010-08-01,76.82,2.703,4.54,224100.0,356448.0,194.073,143.42,2520422.13,6.24,845804.79,10.3,502.625,279.262,252.516,68.9,6.2,9.5,0.19,14.7,219.48,217.923,389.059
2010-09-01,75.31,2.64,4.36,224100.0,359359.0,193.348,144.032,2522094.23,5.87,845804.79,10.3,505.224,278.873,252.262,68.2,6.1,9.5,0.19,14.8,220.219,218.275,391.288
2010-10-01,81.9,2.668,4.32,224300.0,363469.0,192.971,144.313,2530106.0,5.87,855483.43,9.4,507.667,279.58,253.139,67.7,5.9,9.4,0.19,15.3,220.521,219.035,391.926
2010-11-01,84.14,2.76,4.23,224300.0,367051.0,193.354,144.751,2531232.26,5.87,855483.43,9.4,509.181,286.247,257.384,71.6,5.8,9.8,0.19,16.1,220.946,219.59,392.535
2010-12-01,89.04,2.805,4.4,224300.0,369139.0,194.078,145.669,2646811.26,5.85,855483.43,9.4,514.319,293.446,261.352,74.5,6.2,9.3,0.18,15.1,221.215,220.472,393.514
2011-01-01,89.42,3.015,4.86,226900.0,371841.0,193.374,146.478,2657360.1,5.85,896848.43,9.7,518.851,301.088,266.429,74.2,6.6,9.1,0.17,15.2,222.469,221.187,394.072
2011-02-01,89.58,3.061,4.8,226900.0,375017.0,193.756,146.182,2663779.92,5.85,896848.43,9.7,519.465,304.572,269.573,77.5,6.9,9.0,0.16,15.3,223.504,221.898,395.518
2011-03-01,102.94,3.341,4.95,226900.0,378506.0,195.272,145.646,2672031.38,5.79,896848.43,9.7,522.423,306.515,272.664,67.5,6.3,9.0,0.14,15.0,225.213,223.046,396.29
2011-04-01,110.04,3.538,4.86,228100.0,380335.0,195.768,145.542,2679950.15,5.79,905157.15,9.2,524.251,302.541,268.074,69.8,6.3,9.1,0.1,14.9,226.072,224.093,397.701
2011-05-01,101.33,3.817,4.78,228100.0,380024.0,196.595,146.476,2683973.45,5.79,905157.15,9.2,526.023,292.694,262.681,74.3,6.3,9.0,0.09,14.8,226.94,224.806,398.721
2011-06-01,96.29,3.741,4.6,228100.0,383142.0,195.901,148.518,2693088.33,5.89,905157.15,9.2,528.501,294.743,263.981,71.5,6.5,9.1,0.09,14.3,227.515,224.806,399.416
2011-07-01,97.19,3.513,4.51,223500.0,382837.0,197.761,149.971,2717525.97,5.89,940339.02,9.8,530.016,304.773,270.109,63.7,6.7,9.0,0.07,14.5,228.482,225.395,400.539
2011-08-01,86.33,3.684,4.55,223500.0,383691.0,197.959,151.312,2709151.87,5.89,940339.02,9.8,530.812,316.044,277.154,55.8,6.7,9.0,0.1,14.5,229.634,226.106,401.387
2011-09-01,85.61,3.601,4.22,223500.0,387567.0,198.932,151.677,2720060.44,5.4,940339.02,9.8,535.312,314.655,274.993,59.5,6.4,9.0,0.08,14.6,230.682,226.597,402.202
2011-10-01,86.41,3.461,4.01,221100.0,389853.0,198.892,151.986,2727962.54,5.4,959823.95,9.4,537.512,306.827,271.061,60.8,6.3,8.8,0.07,13.9,230.899,226.75,404.068
2011-11-01,97.21,3.405,4.1,221100.0,391274.0,198.6,152.187,2746799.26,5.4,959823.95,9.4,540.125,297.966,265.344,63.7,6.4,8.6,0.08,14.3,231.118,227.169,405.751
2011-12-01,98.57,3.248,4.0,221100.0,391510.0,198.213,152.083,2756224.85,5.07,959823.95,9.4,540.929,307.069,271.195,69.9,7.2,8.5,0.07,14.3,231.557,227.223,407.23
2012-01-01,100.24,3.213,3.95,238400.0,395469.0,197.833,151.106,2770124.65,5.07,994279.74,8.8,543.96,308.335,271.393,75.0,7.4,8.3,0.08,13.3,232.213,227.842,408.394
2012-02-01,102.25,3.386,3.98,238400.0,400300.0,197.289,149.893,2777643.62,5.07,994279.74,8.8,547.095,306.081,270.856,75.3,7.3,8.3,0.1,13.8,232.14,228.329,408.89
2012-03-01,106.19,3.641,3.9,238400.0,401569.0,196.514,149.265,2791565.95,4.88,994279.74,8.8,550.226,308.237,272.346,76.2,7.6,8.2,0.13,13.0,232.591,228.807,410.257
2012-04-01,103.33,3.843,3.99,238700.0,399972.0,196.761,150.053,2802317.58,4.88,1011259.92,8.6,552.613,304.81,270.689,76.4,7.9,8.2,0.14,13.3,233.044,229.187,411.475
2012-05-01,94.7,3.764,3.88,238700.0,399180.0,196.748,151.587,2817982.27,4.88,1011259.92,8.6,556.63,294.883,265.681,79.3,7.9,8.2,0.16,13.0,233.219,228.713,412.864
2012-06-01,82.41,3.575,3.75,238700.0,395595.0,196.602,152.263,2829850.8,4.88,1011259.92,8.6,559.608,287.712,262.26,73.2,7.9,8.2,0.16,13.6,233.683,228.524,415.289
2012-07-01,87.93,3.378,3.66,248800.0,397407.0,195.257,151.97,2840049.63,4.88,1041034.04,8.6,563.829,302.202,270.203,72.3,7.0,8.2,0.16,13.4,233.845,228.59,417.004
2012-08-01,94.16,3.45,3.49,248800.0,402211.0,195.876,150.871,2857102.48,4.88,1041034.04,8.6,570.969,312.195,275.501,74.3,6.7,8.1,0.13,13.9,234.244,229.918,417.555
2012-09-01,94.72,3.722,3.59,248800.0,405357.0,196.087,149.647,2865789.74,4.82,1041034.04,8.6,574.306,312.078,275.672,78.3,7.2,7.8,0.14,12.3,234.404,231.015,418.453
2012-10-01,89.57,3.75,3.4,251700.0,405437.0,196.589,148.986,2881779.34,4.82,1054565.11,8.7,574.251,308.022,273.725,82.6,7.8,7.8,0.16,13.1,234.843,231.638,419.07
2012-11-01,86.66,3.48,3.39,251700.0,407308.0,197.273,148.932,2903346.97,4.82,1054565.11,8.7,577.502,301.966,270.308,82.7,8.7,7.7,0.16,12.9,235.253,231.249,419.509
2012-12-01,88.25,3.382,3.32,251700.0,408665.0,197.322,149.243,2912905.02,4.69,1054565.11,8.7,578.388,316.876,278.981,72.9,10.9,7.9,0.16,13.8,235.677,231.221,420.321
2013-01-01,94.69,3.245,3.35,258400.0,412115.0,198.349,149.741,2931381.51,4.69,1092013.85,8.6,582.796,320.958,281.901,73.8,4.9,8.0,0.14,14.2,236.011,231.679,421.114
2013-02-01,95.32,3.296,3.53,258400.0,417013.0,198.641,149.789,2953480.76,4.69,1092013.85,8.6,585.065,316.62,279.838,77.6,4.7,7.7,0.15,12.9,235.992,232.937,421.601
2013-03-01,93.05,3.722,3.51,258400.0,414024.0,198.289,148.912,2963147.07,4.13,1092013.85,8.6,588.621,322.645,284.923,78.6,4.8,7.5,0.14,13.1,236.213,232.282,423.089
2013-04-01,92.07,3.572,3.57,268100.0,411770.0,198.831,148.577,2972772.62,4.13,1099606.79,8.2,590.966,310.843,277.988,76.4,5.1,7.6,0.15,13.4,236.655,231.797,423.025
2013-05-01,94.8,3.455,3.4,268100.0,414325.0,200.164,148.501,2988661.4,4.13,1099606.79,8.2,593.932,298.615,271.115,84.5,5.3,7.5,0.11,13.3,236.454,231.893,422.316
2013-06-01,95.8,3.601,3.81,268100.0,415442.0,200.462,148.742,3000936.05,4.46,1099606.79,8.2,596.211,296.647,270.267,84.1,5.4,7.5,0.09,13.5,236.98,232.445,424.286
2013-07-01,104.61,3.41,4.46,264800.0,418110.0,201.333,149.058,3014697.69,4.46,1134180.98,8.3,600.184,311.074,278.175,85.1,5.2,7.3,0.09,12.4,237.184,232.9,425.008
2013-08-01,106.57,3.57,4.39,264800.0,417377.0,201.22,149.539,3030269.0,4.46,1134180.98,8.3,591.054,317.28,280.832,82.1,5.2,7.2,0.08,13.2,237.451,233.456,427.168
2013-09-01,106.29,3.504,4.51,264800.0,417654.0,202.581,150.458,3045861.58,4.42,1134180.98,8.3,596.22,316.426,281.288,77.5,5.3,7.2,0.08,12.8,237.519,233.544,428.29
2013-10-01,100.54,3.354,4.32,273600.0,419247.0,202.603,151.248,3063380.14,4.42,1145550.75,8.2,600.987,315.445,280.584,73.2,4.7,7.2,0.09,12.2,237.75,233.669,428.586
2013-11-01,93.86,3.235,4.1,273600.0,420513.0,203.072,151.993,3075875.88,4.42,1145550.75,8.2,603.175,315.808,281.003,75.1,4.5,6.9,0.08,11.6,237.947,234.1,428.485
2013-12-01,97.63,3.241,4.29,273600.0,422794.0,203.729,152.457,3090467.79,4.23,1145550.75,8.2,606.273,314.891,280.08,82.5,4.5,6.7,0.09,10.8,238.182,234.719,428.622
2014-01-01,94.62,3.264,4.48,275200.0,419015.0,206.278,151.535,3113002.96,4.23,1182061.19,8.3,598.17,304.438,274.389,81.2,5.2,6.6,0.07,11.9,238.492,235.288,429.989
2014-02-01,100.82,3.241,4.32,275200.0,424793.0,205.716,150.718,3133891.8,4.23,1182061.19,8.3,604.759,302.328,274.024,81.6,5.3,6.7,0.07,12.0,239.408,235.547,431.137
2014-03-01,100.8,3.394,4.37,275200.0,429132.0,208.713,149.641,3150697.02,4.5,1182061.19,8.3,603.791,305.804,276.559,80.0,5.2,6.7,0.08,12.4,240.447,236.028,432.211
2014-04-01,102.07,3.521,4.4,288000.0,433530.0,202.92,149.217,3173234.63,4.5,1190488.72,7.5,608.173,307.536,277.083,84.1,5.4,6.2,0.09,10.8,241.241,236.468,433.26
2014-05-01,102.18,3.635,4.29,288000.0,434248.0,207.422,149.006,3192546.34,4.5,1190488.72,7.5,611.184,314.119,279.303,81.9,5.6,6.3,0.09,11.1,242.408,236.918,434.262
2014-06-01,105.79,3.607,4.12,288000.0,435438.0,208.955,148.921,3209899.68,4.16,1190488.72,7.5,612.073,314.699,281.08,82.5,5.6,6.1,0.1,10.5,242.646,237.231,435.187
2014-07-01,103.59,3.635,4.14,281000.0,436150.0,209.72,149.216,3231535.62,4.16,1226394.05,7.4,614.286,311.679,278.143,81.8,5.5,6.2,0.09,11.0,243.235,237.498,435.864
2014-08-01,96.54,3.468,4.12,281000.0,439518.0,209.764,149.472,3248721.35,4.16,1226394.05,7.4,620.584,309.923,276.845,82.5,5.3,6.1,0.09,11.0,243.792,237.46,436.041
2014-09-01,93.21,3.41,4.1,281000.0,438459.0,208.835,149.859,3265101.43,4.06,1226394.05,7.4,623.786,306.111,274.863,84.6,5.5,5.9,0.09,11.6,244.48,237.477,437.091
2014-10-01,84.4,3.304,4.2,298900.0,440095.0,209.188,148.954,3275438.44,4.06,1235751.47,7.0,627.686,307.357,275.105,86.9,5.4,5.7,0.09,10.3,244.866,237.43,437.758
2014-11-01,75.79,3.016,3.98,298900.0,441249.0,208.605,147.488,3283048.38,4.06,1235751.47,7.0,627.897,305.983,277.289,88.8,5.6,5.8,0.09,10.8,245.394,236.983,439.408
2014-12-01,59.29,2.738,3.97,298900.0,438509.0,210.158,145.83,3309539.83,4.53,1235751.47,7.0,632.331,301.037,271.761,93.6,6.0,5.6,0.12,10.5,246.237,236.252,441.464
2015-01-01,47.22,2.229,3.87,289200.0,436125.0,210.956,144.875,3319894.29,4.53,1271844.96,7.1,639.406,295.273,269.496,98.1,6.3,5.7,0.11,9.6,246.197,234.747,441.351
2015-02-01,50.58,1.982,3.66,289200.0,435450.0,211.775,147.264,3337831.08,4.53,1271844.96,7.1,640.084,293.524,268.751,95.4,6.4,5.5,0.11,10.0,246.495,235.342,441.101
2015-03-01,47.82,2.256,3.8,289200.0,441895.0,210.178,147.694,3360538.49,4.15,1271844.96,7.1,644.473,290.945,267.16,93.0,5.9,5.4,0.11,10.7,246.072,235.976,442.943
2015-04-01,54.45,2.348,3.69,289100.0,442967.0,210.345,148.404,3382658.45,4.15,1278764.93,6.8,644.887,285.424,264.185,95.9,5.9,5.4,0.12,9.7,246.002,236.222,445.822
2015-05-01,59.27,2.451,3.68,289100.0,446114.0,208.447,149.29,3399382.35,4.15,1278764.93,6.8,646.559,293.265,268.574,90.7,5.8,5.6,0.12,10.3,246.239,237.001,446.743
2015-06-01,59.82,2.656,3.87,289100.0,446572.0,209.41,149.48,3425261.48,4.09,1278764.93,6.8,643.069,298.839,272.433,96.1,5.7,5.3,0.13,9.7,246.937,237.657,446.33
2015-07-01,50.9,2.713,4.02,295800.0,450143.0,208.761,149.078,3444197.43,4.09,1311766.42,7.3,645.461,294.099,269.963,93.1,5.6,5.2,0.13,9.7,247.157,238.034,446.953
2015-08-01,42.87,2.605,3.98,295800.0,450168.0,208.619,148.295,3460288.26,4.09,1311766.42,7.3,649.131,291.307,268.935,91.9,5.6,5.1,0.14,9.1,247.742,238.033,446.612
2015-09-01,45.48,2.406,3.84,295800.0,448090.0,208.449,147.554,3487918.0,4.0,1311766.42,7.3,652.64,287.452,266.617,87.2,5.8,5.0,0.14,9.2,248.492,237.498,447.648
2015-10-01,46.22,2.246,3.85,302500.0,446905.0,208.015,146.397,3502837.33,4.0,1320248.14,7.0,655.17,291.034,269.07,90.0,5.8,5.0,0.12,9.2,248.755,237.733,450.681
2015-11-01,42.44,2.166,3.76,302500.0,448738.0,207.902,144.85,3510634.95,4.0,1320248.14,7.0,657.153,293.715,270.559,91.3,5.6,5.1,0.12,9.7,248.525,238.017,452.225
2015-12-01,37.19,1.974,3.95,302500.0,450598.0,207.269,143.955,3400223.22,4.17,1320248.14,7.0,660.278,291.963,269.686,92.6,5.8,5.0,0.24,9.2,248.206,237.761,452.732
2016-01-01,31.68,1.933,4.01,299800.0,447376.0,206.088,144.638,3419743.03,4.17,1358137.44,7.0,663.452,289.611,268.541,92.0,6.1,4.8,0.34,7.8,248.353,237.652,454.194
2016-02-01,30.32,1.729,3.79,299800.0,451898.0,205.294,143.979,3438522.78,4.17,1358137.44,7.0,660.05,286.419,266.691,91.7,5.6,4.9,0.38,8.6,248.606,237.336,456.922
2016-03-01,37.55,1.715,3.62,299800.0,450462.0,205.707,143.659,3466189.45,4.33,1358137.44,7.0,658.775,286.501,266.869,91.0,5.9,5.0,0.36,8.6,248.029,238.08,457.723
2016-04-01,40.75,1.976,3.71,306000.0,452238.0,205.655,145.475,3486203.97,4.33,1365269.83,6.7,666.544,291.228,268.958,89.0,5.5,5.1,0.37,9.1,248.235,238.992,459.245
2016-05-01,46.71,2.08,3.66,306000.0,453898.0,206.053,146.416,3503708.99,4.33,1365269.83,6.7,666.306,288.805,268.233,94.7,5.3,4.8,0.37,8.3,247.856,239.557,460.487
2016-06-01,48.76,2.281,3.64,306000.0,458711.0,206.255,144.887,3524039.2,4.25,1365269.83,6.7,675.052,290.014,269.444,93.5,4.9,4.9,0.38,8.4,247.683,240.222,462.09
2016-07-01,44.65,2.25,3.48,303800.0,457894.0,207.015,143.27,3542817.45,4.25,1398573.2,6.8,678.015,280.88,265.061,90.0,5.1,4.8,0.39,8.8,247.658,240.101,464.439
2016-08-01,44.72,2.091,3.48,303800.0,458375.0,207.546,142.803,3565449.09,4.25,1398573.2,6.8,687.438,278.139,264.187,89.8,5.1,4.9,0.4,8.1,247.746,240.545,469.02
2016-09-01,45.18,2.187,3.46,303800.0,461400.0,209.026,144.851,3586414.67,4.45,1398573.2,6.8,693.598,275.578,261.792,91.2,5.1,5.0,0.4,8.2,247.772,241.176,469.816
2016-10-01,49.78,2.166,3.42,310900.0,462362.0,208.519,142.217,3601516.04,4.45,1405332.16,6.9,695.365,270.9,259.449,87.2,5.3,4.9,0.4,8.6,247.812,241.741,469.749
2016-11-01,45.66,2.159,3.47,310900.0,462231.0,208.136,139.975,3618237.14,4.45,1405332.16,6.9,700.418,272.902,260.827,93.8,5.4,4.7,0.41,8.3,247.741,242.026,469.914
2016-12-01,51.97,2.079,4.08,310900.0,467852.0,208.253,139.457,3636435.65,4.52,1405332.16,6.9,700.386,277.919,264.044,98.2,5.0,4.7,0.54,8.2,247.725,242.637,470.539
2017-01-01,52.5,2.254,4.32,313100.0,473019.0,208.295,138.761,3653338.67,4.52,1440358.58,7.0,690.427,280.879,265.453,98.5,5.3,4.7,0.65,8.2,248.065,243.618,471.484
2017-02-01,53.47,2.224,4.19,313100.0,472945.0,209.049,138.713,3670015.03,4.52,1440358.58,7.0,696.371,282.923,266.391,96.3,5.6,4.6,0.66,8.0,248.735,244.006,473.139
2017-03-01,49.33,2.233,4.16,313100.0,472149.0,208.767,139.232,3685308.49,4.67,1440358.58,7.0,698.235,284.341,267.362,96.9,5.6,4.4,0.79,7.2,249.244,243.892,473.685
2017-04-01,51.06,2.228,4.14,318200.0,473986.0,210.37,138.596,3699296.28,4.67,1446680.08,7.3,688.56,285.005,267.966,97.0,5.7,4.4,0.9,7.3,249.589,244.193,473.007
2017-05-01,48.48,2.331,4.03,318200.0,471630.0,211.342,138.601,3713374.59,4.67,1446680.08,7.3,682.217,279.718,264.29,97.1,6.3,4.4,0.91,6.6,249.972,244.004,472.981
2017-06-01,45.18,2.308,3.94,318200.0,473546.0,212.198,137.691,3729042.06,4.42,1446680.08,7.3,682.327,277.107,263.193,95.0,6.0,4.3,1.04,7.3,249.77,244.163,474.492
2017-07-01,46.63,2.201,3.88,320500.0,473552.0,212.955,136.872,3744907.65,4.42,1479029.56,7.5,691.689,274.97,262.071,93.4,6.0,4.3,1.15,7.3,250.185,244.243,476.279
2017-08-01,48.04,2.269,3.92,320500.0,474449.0,212.935,136.875,3758516.67,4.42,1479029.56,7.5,690.041,270.846,260.037,96.8,6.1,4.4,1.16,6.9,250.469,245.183,477.199
2017-09-01,49.82,2.322,3.82,320500.0,484163.0,213.083,135.033,3773306.06,4.81,1479029.56,7.5,682.696,268.659,259.988,95.1,5.9,4.3,1.15,7.6,250.826,246.435,477.19
2017-10-01,51.58,2.508,3.83,337900.0,484848.0,212.221,137.803,3796957.23,4.81,1488895.48,6.9,686.535,268.229,260.256,100.7,6.0,4.2,1.15,7.4,251.048,246.626,477.671
2017-11-01,56.64,2.41,3.94,337900.0,490013.0,212.79,138.261,3816251.86,4.81,1488895.48,6.9,696.688,266.421,259.307,98.5,5.6,4.2,1.16,7.4,251.195,247.284,477.791
2017-12-01,57.88,2.444,3.9,337900.0,492579.0,213.172,138.123,3830751.56,4.74,1488895.48,6.9,687.646,267.054,259.919,95.9,5.0,4.1,1.3,7.3,251.716,247.805,478.891
2018-01-01,63.7,2.436,3.99,331800.0,490426.0,213.085,138.559,3847816.85,4.74,1523343.76,7.0,686.318,266.194,260.358,95.7,5.7,4.0,1.41,7.4,252.377,248.859,480.797
2018-02-01,62.23,2.516,4.22,331800.0,493334.0,213.217,138.643,3863801.15,4.74,1523343.76,7.0,693.578,266.402,260.881,99.7,5.8,4.1,1.42,6.9,252.264,249.529,481.6
2018-03-01,62.73,2.442,4.43,331800.0,493022.0,213.155,138.212,3876062.67,5.05,1523343.76,7.0,695.459,268.183,263.091,101.4,5.9,4.0,1.51,6.4,252.365,249.577,483.078
2018-04-01,66.25,2.541,4.44,315600.0,494498.0,212.516,137.876,3883485.25,5.05,1530756.57,6.8,691.264,266.465,259.415,98.8,6.0,4.0,1.69,6.7,252.867,250.227,483.577
2018-05-01,69.98,2.741,4.58,315600.0,500930.0,213.255,138.533,3900534.83,5.05,1530756.57,6.8,711.872,264.022,257.837,98.0,6.0,3.8,1.7,6.9,252.864,250.792,484.543
2018-06-01,67.87,2.877,4.56,315600.0,499218.0,212.666,137.952,3902532.55,5.05,1530756.57,6.8,701.303,263.344,257.129,98.2,6.3,4.0,1.82,7.4,253.167,251.018,486.209
2018-07-01,70.98,2.745,4.55,330900.0,502255.0,211.849,137.608,3924703.02,5.05,1560681.65,7.1,704.868,263.786,256.964,97.9,6.5,3.8,1.91,6.9,253.598,251.214,485.246
2018-08-01,68.06,2.772,4.54,330900.0,501962.0,212.475,138.093,3945896.08,5.05,1560681.65,7.1,697.221,265.241,258.619,96.2,6.6,3.8,1.91,6.5,253.949,251.663,484.273
2018-09-01,70.23,2.761,4.52,330900.0,500033.0,211.321,136.92,3957699.96,5.29,1560681.65,7.1,695.069,266.203,258.162,100.1,6.8,3.7,1.95,6.9,254.302,252.182,485.039
2018-10-01,70.75,2.796,4.72,322800.0,505622.0,213.229,138.247,3976287.14,5.29,1566903.43,6.6,691.11,263.608,257.509,98.6,6.7,3.8,2.19,7.0,254.17,252.772,485.652
2018-11-01,56.96,2.732,4.83,322800.0,507278.0,213.474,139.763,3991713.4,5.29,1566903.43,6.6,690.333,261.615,256.664,97.5,6.5,3.8,2.2,6.7,254.887,252.594,487.615
2018-12-01,49.52,2.445,4.81,322800.0,496973.0,215.382,140.18,4007041.95,5.5,1566903.43,6.6,694.834,259.347,256.351,98.3,8.4,3.9,2.27,7.4,255.877,252.767,488.82
2019-01-01,51.38,2.156,4.55,313000.0,500208.0,213.26,142.214,4027122.97,5.5,1597654.09,7.0,686.211,261.858,257.329,91.2,8.4,4.0,2.4,7.8,256.533,252.561,489.968
2019-02-01,54.95,2.162,4.46,313000.0,500928.0,212.819,142.272,4039715.76,5.5,1597654.09,7.0,692.467,264.965,259.373,93.8,8.5,3.8,2.4,7.3,257.253,253.319,490.16
2019-03-01,58.15,2.311,4.35,313000.0,508944.0,213.384,141.218,4051978.29,5.35,1597654.09,7.0,689.515,262.909,257.005,98.4,7.9,3.8,2.41,7.0,257.681,254.277,491.412
2019-04-01,63.86,2.611,4.06,322500.0,509564.0,213.25,139.895,4068551.57,5.35,1603292.89,6.8,688.736,260.115,256.711,97.2,7.6,3.7,2.42,6.5,257.325,255.233,492.97
2019-05-01,60.83,2.761,4.2,322500.0,512930.0,213.023,138.573,4083370.74,5.35,1603292.89,6.8,683.088,261.933,256.781,100.0,7.3,3.6,2.39,6.9,257.818,255.296,494.859
2019-06-01,54.66,2.696,3.99,322500.0,513716.0,212.802,138.241,4094005.65,5.27,1603292.89,6.8,686.251,262.483,256.36,98.2,7.1,3.6,2.38,6.1,257.952,255.213,495.745
2019-07-01,57.35,2.608,3.73,318400.0,518274.0,213.643,138.132,4117721.96,5.27,1635131.96,6.8,683.624,264.084,258.06,98.4,6.8,3.7,2.4,6.7,258.059,255.802,497.714
2019-08-01,54.81,2.615,3.75,318400.0,521348.0,213.247,138.686,4134329.58,5.27,1635131.96,6.8,694.264,268.749,262.846,89.8,6.9,3.6,2.13,6.7,258.288,256.036,500.662
2019-09-01,56.95,2.471,3.58,318400.0,518188.0,213.783,138.694,4146336.79,5.45,1635131.96,6.8,681.853,272.014,264.603,93.2,7.0,3.5,2.04,6.2,258.865,256.43,501.71
2019-10-01,53.96,2.518,3.64,327100.0,519795.0,213.744,139.701,4163633.16,5.45,1637880.7,6.4,676.964,271.125,263.18,95.5,7.1,3.6,1.83,6.3,259.434,257.155,506.433
2019-11-01,57.03,2.469,3.78,327100.0,523120.0,213.952,139.579,4164696.19,5.45,1637880.7,6.4,680.251,268.352,261.762,96.8,6.9,3.6,1.55,6.5,260.048,257.879,508.315
2019-12-01,59.88,2.469,3.68,327100.0,524954.0,213.571,140.088,4192191.39,5.29,1637880.7,6.4,681.151,267.214,260.116,99.3,6.2,3.6,1.55,6.7,260.483,258.63,510.875
2020-01-01,57.52,2.488,3.74,329000.0,525411.0,213.531,139.424,4207194.45,5.29,1671968.77,6.6,664.948,268.668,263.037,99.8,7.0,3.6,1.55,7.0,261.293,259.127,511.854
2020-02-01,50.54,2.412,3.51,329000.0,525380.0,213.846,140.593,4220425.67,5.29,1671968.77,6.6,670.41,270.587,263.444,101.0,7.5,3.5,1.58,6.4,261.962,259.25,512.967
2020-03-01,29.21,2.373,3.45,329000.0,477676.0,213.452,141.667,4206113.61,5.13,1671968.77,6.6,671.048,233.537,237.558,89.1,12.4,4.4,0.65,8.5,262.622,258.076,514.743
2020-04-01,16.55,1.886,3.5,317100.0,408312.0,213.621,138.89,4141585.14,5.13,1672503.14,5.7,677.144,196.819,214.544,71.8,32.0,14.8,0.05,25.5,266.37,256.032,516.77
2020-05-01,28.56,1.655,3.23,317100.0,484978.0,213.017,137.922,4125079.15,5.13,1672503.14,5.7,677.189,186.931,205.353,72.3,22.8,13.2,0.05,23.0,268.086,255.802,519.152
2020-06-01,38.31,1.883,3.15,317100.0,526970.0,213.67,134.156,4137254.88,4.98,1672503.14,5.7,674.802,192.344,209.059,78.1,18.4,11.0,0.08,19.6,269.553,257.042,520.867
2020-07-01,40.71,2.094,3.13,327900.0,535644.0,214.058,136.77,4153068.46,4.98,1696474.62,6.4,677.979,203.723,217.372,72.5,17.8,10.2,0.09,18.0,268.532,258.352,522.675
2020-08-01,42.34,2.085,2.99,327900.0,540423.0,213.671,144.102,4149084.75,4.98,1696474.62,6.4,685.181,207.635,217.404,74.1,13.9,8.4,0.1,13.9,268.957,259.316,522.922
2020-09-01,39.63,2.135,2.91,327900.0,551131.0,215.381,152.968,4164539.18,4.95,1696474.62,6.4,683.136,205.325,221.126,80.4,13.1,7.8,0.09,12.5,269.043,259.997,522.947
2020-10-01,39.4,2.088,2.88,338600.0,549271.0,216.297,155.964,4169782.63,4.95,1693860.24,6.5,683.131,215.955,225.62,81.8,12.6,6.9,0.09,11.0,269.653,260.319,520.943
2020-11-01,40.94,2.053,2.81,338600.0,544421.0,217.463,154.817,4171225.29,4.95,1693860.24,6.5,681.564,221.157,230.507,76.9,11.8,6.7,0.09,10.7,269.636,260.911,520.567
2020-12-01,47.02,2.022,2.72,338600.0,549300.0,217.938,154.216,4184852.48,5.21,1693860.24,6.5,686.054,216.188,228.912,80.7,11.8,6.7,0.09,11.3,270.781,262.045,519.866
2021-01-01,52.0,2.158,2.67,355000.0,570510.0,216.253,153.361,4193196.53,5.21,1718706.56,6.8,684.568,211.234,226.427,79.0,19.2,6.4,0.09,9.9,271.223,262.639,521.774
2021-02-01,59.04,2.316,2.73,355000.0,555489.0,218.566,153.647,4212290.37,5.21,1718706.56,6.8,693.357,200.969,220.815,76.8,12.6,6.2,0.08,9.6,271.498,263.573,523.455
2021-03-01,62.33,2.625,2.97,355000.0,616348.0,218.315,154.93,4225462.48,5.28,1718706.56,6.8,677.099,198.108,218.037,84.9,25.9,6.1,0.07,10.2,271.756,264.847,523.943
2021-04-01,61.72,2.771,3.18,367800.0,622705.0,221.06,168.006,4242462.13,5.28,1719067.5,6.2,686.521,215.448,229.565,88.3,12.0,6.1,0.07,10.8,272.761,266.625,524.39
2021-05-01,65.17,2.776,2.98,367800.0,615543.0,222.132,178.929,4273773.98,5.28,1719067.5,6.2,691.128,231.485,238.091,82.9,9.6,5.8,0.06,10.2,273.89,268.404,523.935
2021-06-01,71.38,2.927,2.95,367800.0,622125.0,222.204,194.846,4424804.51,5.14,1719067.5,6.2,691.804,239.821,245.121,85.5,8.4,5.9,0.08,9.1,276.002,270.71,523.117
2021-07-01,72.49,2.99,2.98,395200.0,612647.0,223.118,193.734,4440963.46,5.14,1739443.83,5.8,695.36,242.867,247.777,81.2,9.2,5.4,0.1,9.0,277.759,271.965,524.376
2021-08-01,67.73,3.044,2.8,395200.0,616892.0,225.298,190.066,4458911.16,5.14,1739443.83,5.8,687.667,221.961,235.585,70.3,8.4,5.1,0.09,9.0,278.985,272.752,524.785
2021-09-01,71.65,3.041,2.87,395200.0,620529.0,226.771,190.308,4482638.31,4.58,1739443.83,5.8,685.005,207.235,224.713,72.8,7.2,4.7,0.08,7.7,281.299,273.942,525.098
2021-10-01,81.48,3.08,3.01,414000.0,630562.0,230.41,197.214,4499221.64,4.58,1733415.18,5.6,685.851,206.075,223.242,71.7,6.6,4.5,0.08,7.2,283.972,276.528,527.688
2021-11-01,79.15,3.28,3.14,414000.0,637775.0,231.52,203.485,4524807.68,4.58,1733415.18,5.6,682.911,213.171,229.244,67.4,6.1,4.2,0.08,7.3,286.057,278.824,529.529
2021-12-01,71.71,3.253,3.1,414000.0,632515.0,231.784,211.728,4548529.86,4.87,1733415.18,5.6,683.632,219.189,234.459,70.6,6.0,3.9,0.08,7.2,287.798,280.806,531.041
2022-01-01,83.22,3.136,3.11,413500.0,644034.0,238.667,215.494,4562548.71,4.87,1747455.51,5.8,702.326,221.348,235.851,67.2,3.6,4.0,0.08,7.3,290.144,282.542,534.649
2022-02-01,91.64,3.249,3.55,413500.0,650522.0,237.871,216.876,4593240.77,4.87,1747455.51,5.8,699.194,226.368,239.394,62.8,3.6,3.8,0.08,7.4,292.978,284.525,536.283
2022-03-01,108.5,3.486,3.89,413500.0,664167.0,242.119,209.646,4634912.58,5.15,1747455.51,5.8,702.848,244.694,250.27,59.4,2.7,3.7,0.2,7.6,295.713,287.467,538.973
2022-04-01,101.78,4.078,4.67,437700.0,673245.0,245.245,206.194,4668065.41,5.15,1744007.0,5.6,701.848,286.876,279.119,65.2,2.2,3.7,0.33,7.2,298.363,288.582,541.35
2022-05-01,109.55,3.959,5.1,437700.0,671040.0,248.892,207.673,4697428.18,5.15,1744007.0,5.6,717.038,318.318,299.695,58.4,2.3,3.6,0.77,6.7,301.684,291.299,543.521
2022-06-01,114.84,4.439,5.1,437700.0,675702.0,252.908,208.687,4735209.31,5.52,1744007.0,5.6,717.247,321.478,303.044,50.0,2.0,3.6,1.21,6.9,304.845,295.072,546.84
2022-07-01,101.62,4.71,5.7,438000.0,671067.0,257.585,206.552,4757375.63,5.52,1761742.0,6.0,717.006,310.866,295.256,51.5,3.1,3.5,1.68,6.4,308.083,294.94,549.967
2022-08-01,93.67,4.034,5.3,438000.0,675107.0,261.259,204.837,4786932.37,5.52,1761742.0,6.0,719.287,296.505,285.694,58.2,3.1,3.6,2.33,6.8,310.739,295.162,553.036
2022-09-01,84.26,3.691,5.66,438000.0,673312.0,262.139,203.94,4813745.3,6.94,1761742.0,6.0,716.259,296.758,286.119,58.6,3.1,3.5,2.56,6.9,312.835,296.421,556.558
2022-10-01,87.55,3.569,6.7,442600.0,681748.0,262.987,201.171,4845551.89,6.94,1764067.41,5.8,717.775,294.748,286.044,59.9,3.2,3.6,3.08,6.8,315.023,297.979,554.071
2022-11-01,84.37,3.57,7.08,442600.0,673674.0,263.424,196.659,4876247.9,6.94,1764067.41,5.8,718.85,289.851,283.64,56.7,3.4,3.6,3.78,6.8,316.5,298.708,551.402
2022-12-01,76.44,3.389,6.49,442600.0,666734.0,264.984,193.008,4894258.48,7.46,1764067.41,5.8,720.642,281.524,278.981,59.8,3.7,3.5,4.1,7.3,317.798,298.808,551.943
2023-01-01,78.12,2.971,6.42,429000.0,693826.0,266.436,190.423,4909770.41,7.46,1774909.9,6.4,717.542,277.664,276.46,64.9,4.2,3.5,4.33,7.1,319.421,300.456,550.887
2023-02-01,76.83,3.417,6.13,429000.0,686434.0,268.143,187.711,4920040.21,7.46,1774909.9,6.4,717.706,286.421,282.744,66.9,4.6,3.6,4.57,6.9,320.651,301.476,548.946
2023-03-01,73.28,3.25,6.5,429000.0,679067.0,266.241,186.619,4944335.14,7.59,1774909.9,6.4,707.82,287.731,281.003,62.0,5.3,3.5,4.65,6.6,320.797,301.643,547.054
2023-04-01,79.45,3.304,6.32,418500.0,683698.0,265.746,192.647,4956725.34,7.59,1761243.56,6.3,704.119,283.951,279.561,63.7,5.0,3.4,4.83,5.5,321.209,302.858,547.039
2023-05-01,71.58,3.48,6.43,418500.0,686672.0,263.74,198.793,4961981.07,7.59,1761243.56,6.3,707.858,274.916,272.358,59.0,5.2,3.6,5.06,6.2,321.933,303.316,547.452
2023-06-01,70.25,3.443,6.79,418500.0,688810.0,266.708,197.601,4985411.37,8.3,1761243.56,6.3,697.925,260.848,262.559,64.2,5.0,3.6,5.08,6.1,322.406,304.099,547.487
2023-07-01,76.07,3.445,6.71,435400.0,690641.0,265.743,194.701,4994196.27,8.3,1732575.34,6.6,695.378,253.523,256.61,71.5,4.6,3.5,5.12,6.7,323.046,304.615,547.356
2023-08-01,81.39,3.65,6.81,435400.0,696238.0,267.085,191.078,4980303.9,8.3,1732575.34,6.6,694.564,257.589,259.146,69.4,4.7,3.7,5.33,7.1,323.957,306.138,547.848
2023-09-01,89.43,3.684,7.18,435400.0,702109.0,269.181,187.65,4990109.45,8.51,1732575.34,6.6,698.45,257.557,259.94,67.8,4.4,3.8,5.33,7.1,324.332,307.374,548.636
2023-10-01,85.64,3.663,7.31,423200.0,699365.0,269.276,186.879,5000670.33,8.51,1729139.13,6.6,694.56,256.06,260.763,63.8,4.5,3.9,5.33,6.9,325.424,307.653,549.746
2023-11-01,77.69,3.32,7.79,423200.0,697167.0,272.421,189.444,5024636.0,8.51,1729139.13,6.6,684.378,254.627,260.488,61.3,4.6,3.7,5.33,6.6,325.808,308.087,552.23
2023-12-01,71.9,3.088,7.22,423200.0,699821.0,273.758,190.57,5023707.8,8.57,1729139.13,6.6,694.59,254.909,259.588,69.7,4.4,3.8,5.33,6.4,326.442,308.735,554.294
2024-01-01,74.15,2.966,6.61,426800.0,694131.0,276.142,183.526,5038150.01,8.57,1753333.67,6.6,688.843,259.736,263.466,79.0,5.5,3.7,5.33,6.0,327.575,309.794,556.567
2024-02-01,77.25,2.979,6.63,426800.0,700932.0,277.359,185.66,5048690.91,8.57,1753333.67,6.6,692.835,269.015,268.472,76.9,5.4,3.9,5.33,7.2,327.803,311.022,556.727
2024-03-01,81.28,3.145,6.94,426800.0,703738.0,279.087,184.709,5048902.11,8.65,1753333.67,6.6,686.679,266.974,265.089,79.4,5.2,3.9,5.33,7.1,328.004,312.107,559.182
2024-04-01,85.35,3.401,6.79,414500.0,702681.0,279.204,182.026,5052557.86,8.65,1741137.84,6.6,698.591,266.953,266.14,77.2,5.1,3.9,5.33,6.7,328.413,313.016,561.416
2024-05-01,80.02,3.498,7.17,414500.0,704309.0,279.348,180.533,5061239.42,8.65,1741137.84,6.6,703.798,258.148,258.916,69.1,4.9,4.0,5.33,7.9,328.864,313.14,564.235
2024-06-01,79.77,3.434,7.03,414500.0,702350.0,278.522,177.588,5063209.17,8.63,1741137.84,6.6,712.033,247.523,252.514,68.2,4.8,4.1,5.33,7.5,329.651,313.131,565.299
2024-07-01,81.8,3.371,6.86,415300.0,710851.0,278.961,175.034,5080867.87,8.63,1772891.41,6.9,712.033,246.94,251.32,66.4,4.3,4.2,5.33,7.7,330.142,313.566,564.919
2024-08-01,76.68,3.381,6.73,415300.0,710038.0,277.809,174.762,5089254.81,8.63,1772891.41,6.9,712.033,254.827,256.538,67.9,4.2,4.2,5.33,7.9,330.644,314.131,564.364
2024-09-01,70.24,3.212,6.35,415300.0,716388.0,279.313,175.644,5093512.85,8.12,1772891.41,6.9,712.033,261.957,261.755,70.1,3.8,4.1,5.13,7.0,331.716,314.851,566.497
2024-10-01,71.99,3.087,6.08,419200.0,720393.0,281.516,177.776,5104438.32,8.12,1777101.97,6.9,712.033,266.813,267.214,70.5,4.0,4.1,4.83,7.8,332.418,315.564,567.835
2024-11-01,69.95,3.005,6.72,419200.0,725079.0,280.88,180.076,5098864.7,8.12,1777101.97,6.9,756.762,266.79,267.998,71.8,3.7,4.2,4.64,7.8,333.492,316.449,569.16
2024-12-01,70.12,2.946,6.81,419200.0,730336.0,281.432,181.446,4988874.84,7.71,1777101.97,6.9,750.733,274.871,274.321,74.0,3.3,4.1,4.48,7.5,334.456,317.603,569.902
2025-01-01,75.74,2.914,6.85,419200.0,721300.0,281.323,185.424,4997776.2,7.71,1777101.97,6.9,757.192,278.269,276.33,71.7,4.3,4.0,4.33,7.9,335.671,319.086,571.234
2025-02-01,71.53,3.006,6.95,419200.0,722708.0,284.195,187.057,4996966.5,7.71,1777101.97,6.9,757.682,267.164,266.935,64.7,4.6,4.1,4.33,8.3,336.223,319.775,572.797
2025-03-01,68.24,2.997,6.76,419200.0,722708.0,284.195,187.057,4996966.5,7.71,1777101.97,6.9,757.682,267.164,266.935,64.7,4.6,4.2,4.33,7.5,336.223,319.775,572.797
2025-04-01,68.24,2.997,6.65,419200.0,722708.0,284.195,187.057,4996966.5,7.71,1777101.97,6.9,757.682,267.164,266.935,64.7,4.6,4.2,4.33,7.5,336.223,319.775,572.797
