date,google_trends_unemployment,tiktok_recession_hashtag_velocity,reddit_finance_sentiment,twitter_macro_fear_score,news_coverage_volatility_index
2004-01-04,10,0,54,17,30
2004-01-11,10,0,54,17,30
2004-01-18,9,0,47,17,35
2004-01-25,9,0,47,17,35
2004-02-01,9,0,47,17,35
2004-02-08,9,0,47,17,35
2004-02-15,9,0,47,17,35
2004-02-22,9,0,32,19,39
2004-02-29,9,0,32,19,39
2004-03-07,9,0,32,19,39
2004-03-14,9,0,32,19,39
2004-03-21,9,0,48,20,40
2004-03-28,9,0,48,20,40
2004-04-04,9,0,48,20,40
2004-04-11,9,0,48,20,40
2004-04-18,8,0,62,19,35
2004-04-25,8,0,62,19,35
2004-05-02,8,0,62,19,35
2004-05-09,8,0,62,19,35
2004-05-16,8,0,62,19,35
2004-05-23,7,0,51,0,22
2004-05-30,7,0,51,0,22
2004-06-06,7,0,51,0,22
2004-06-13,7,0,51,0,22
2004-06-20,7,0,48,0,13
2004-06-27,7,0,48,0,13
2004-07-04,7,0,48,0,13
2004-07-11,7,0,48,0,13
2004-07-18,7,0,57,20,13
2004-07-25,7,0,57,20,13
2004-08-01,7,0,57,20,13
2004-08-08,7,0,57,20,13
2004-08-15,7,0,57,20,13
2004-08-22,8,0,66,0,17
2004-08-29,8,0,66,0,17
2004-09-05,8,0,66,0,17
2004-09-12,8,0,66,0,17
2004-09-19,7,0,60,20,26
2004-09-26,7,0,60,20,26
2004-10-03,7,0,60,20,26
2004-10-10,7,0,60,20,26
2004-10-17,7,0,67,23,28
2004-10-24,7,0,67,23,28
2004-10-31,7,0,67,23,28
2004-11-07,7,0,67,23,28
2004-11-14,7,0,67,23,28
2004-11-21,7,0,50,24,22
2004-11-28,7,0,50,24,22
2004-12-05,7,0,50,24,22
2004-12-12,7,0,50,24,22
