date,Volume_AAPL,Volume_AMZN,Volume_AMD,Volume_CSCO,Volume_ERIC,Volume_ADBE,Volume_FCEL,Volume_FORD,Rolling_Std_30d,news_coverage_volatility_index,tiktok_recession_hashtag_velocity,layman__total_consumer_credit,layman__initial_unemployment_claims,layman__durable_goods_orders,High_FCEL,linchpin__nonfarm_payrolls,Adj Close_^IXIC,layman__job_openings_total,layman__part_time_econ_reasons,linchpin__housing_starts,linchpin__import_prices,layman__cpi_event_admission,layman__housing_prices,High_AMD,layman__water_bill_index,High_FORD,layman__electricity_cost_index,layman__cpi_airfare,layman__public_transit_fares,layman__oil_price,tail_risk_score,twitter_macro_fear_score,layman__cpi_used_cars,High_ERIC,reddit_finance_sentiment,inflation,10y_treasury_yield,High_CSCO,Consumer Sentiment,interest rates,linchpin__consumer_sentiment_index,buy gold,Consumer Sentiment_lag30,Consumer Sentiment_lag30_lag90,Consumer Sentiment_lag90,Consumer Sentiment_lag90_lag180,Consumer Sentiment_lag30_lag90_lag180,Consumer Sentiment_lag180,Consumer Sentiment_lag30_lag180,market crash,Consumer Sentiment_lag30_lag90_lag180_rolling90,Consumer Sentiment_lag30_lag90_lag180_rolling90_rolling180,Consumer Sentiment_lag90_rolling90_rolling180,google_trends_unemployment,recession,vix_index,Adj Close_^VIX,linchpin__vix_index,layman__industrial_production,layman__personal_savings_rate,layman__youth_unemployment_rate,stock market crash,federal_funds_rate,Unemployment_lag30,Unemployment_lag90,Unemployment_lag30_lag90,Unemployment_lag180,Unemployment_lag30_lag180,Unemployment_lag30_lag90_lag180,Unemployment_lag90_lag180,Unemployment_lag30_lag90_lag180_rolling90,Interest Rate,Unemployment_rolling90_rolling180,Interest Rate_lag30_lag90,Unemployment_lag90_rolling90_rolling180,Unemployment_lag90_lag180_rolling90_rolling180,Interest Rate_lag30_lag180,Interest Rate_lag30_lag90_lag180,layman__rental_vacancy_rate,layman__auto_loan_rate,Interest Rate_lag30_lag90_lag180_rolling180,liquidity_crunch_index,layman__mortgage_rate,market_stress_flag,market_shock_flag,nber_recession_flag
2025-01-01,47610700.0,29388150.0,32229800.0,15158650.0,15108400.0,2394900.0,1131700.0,6750.0,74.58953817894208,22.0,0.0,4997776.2,209000.0,286679.0,10.109999656677246,158942.0,19310.7890625,7762.0,4477.0,1526.0,965.4,757.192,323.328,123.34500122070312,276.7,5.230000019073486,242.224,278.269,274.321,72.44,26.36118091977829,18.0,185.424,8.15500020980835,39.0,57.0,139.4,59.53000068664551,71.7,73.0,74.0,64.0,71.8,66.4,67.9,69.7,61.3,77.2,79.4,37.0,67.11222222222223,64.76291358024692,72.34342592592593,6.0,8.0,26.7,17.350000381469727,17.35,103.435,4.3,7.9,5.0,5.33,4.2,4.2,4.2,3.9,3.9,3.7,3.8,3.743333333333333,4.33,4.061901234567901,5.33,3.889314814814815,3.6124506172839506,5.33,5.33,6.9,8.12,5.120500000000001,1.1107342768741846,6.85,0.0,0.0,0.0
2025-01-02,55740700.0,33956600.0,34256200.0,16144300.0,20940200.0,2504700.0,1276500.0,7800.0,74.58953817894208,22.0,0.0,4997737.642857143,209619.04761904763,286810.90476190473,10.729999542236328,158942.0,19310.7890625,7752.761904761905,4498.9047619047615,1526.0,965.4,757.2153333333333,323.328,123.13999938964844,276.7,5.010000228881836,242.224,277.7401904761905,274.321,72.44,26.36118091977829,18.0,185.5017619047619,8.170000076293945,39.0,57.0,139.4,59.68000030517578,71.7,73.0,74.0,64.0,71.8,66.4,67.9,69.7,61.3,77.2,79.4,37.0,67.11222222222223,64.76291358024692,72.34342592592593,6.0,8.0,26.7,17.350000381469727,17.35,103.4717238095238,4.314285714285714,7.919047619047619,5.0,5.33,4.2,4.2,4.2,3.9,3.9,3.7,3.8,3.743333333333333,4.33,4.061901234567901,5.33,3.889314814814815,3.6124506172839506,5.33,5.33,6.9,8.12,5.120500000000001,1.1107342768741846,6.85,0.0,0.0,0.0
2025-01-03,40244100.0,27515600.0,36785300.0,18859000.0,12933700.0,5617000.0,2096400.0,19300.0,74.58953817894208,22.0,0.0,4997699.085714286,210238.09523809524,286942.8095238095,12.300000190734863,158942.0,19310.7890625,7743.523809523809,4520.809523809524,1526.0,965.4,757.2386666666666,323.328,125.55999755859376,276.7,5.309999942779541,242.224,277.211380952381,274.321,72.44,26.36118091977829,18.0,185.5795238095238,8.180000305175781,39.0,57.0,139.4,59.16999816894531,71.7,73.0,74.0,64.0,71.8,66.4,67.9,69.7,61.3,77.2,79.4,37.0,67.11222222222223,64.76291358024692,72.34342592592593,6.0,8.0,26.7,17.350000381469727,17.35,103.50844761904762,4.328571428571428,7.938095238095238,5.0,5.33,4.2,4.2,4.2,3.9,3.9,3.7,3.8,3.743333333333333,4.33,4.061901234567901,5.33,3.889314814814815,3.6124506172839506,5.33,5.33,6.9,8.12,5.120500000000001,1.1107342768741846,6.85,0.0,0.0,0.0
2025-01-06,45045600.0,31849800.0,48020200.0,18543300.0,12120400.0,3994400.0,1949600.0,16000.0,74.58953817894208,22.0,0.0,4997660.528571429,210857.14285714287,287074.71428571426,13.3100004196167,158942.0,19310.7890625,7734.285714285715,4542.714285714285,1526.0,965.4,757.2620000000001,323.328,130.72999572753906,276.7,5.590000152587891,242.224,276.6825714285714,274.321,72.44,26.36118091977829,18.0,185.6572857142857,8.199999809265137,39.0,57.0,139.4,59.58000183105469,71.7,73.0,74.0,64.0,71.8,66.4,67.9,69.7,61.3,77.2,79.4,37.0,67.11222222222223,64.76291358024692,72.34342592592593,6.0,8.0,26.7,17.350000381469727,17.35,103.54517142857144,4.3428571428571425,7.957142857142857,5.0,5.33,4.2,4.2,4.2,3.9,3.9,3.7,3.8,3.743333333333333,4.33,4.061901234567901,5.33,3.889314814814815,3.6124506172839506,5.33,5.33,6.9,8.12,5.120500000000001,1.1107342768741846,6.85,0.0,0.0,0.0
2025-01-07,40856000.0,28084200.0,39220400.0,16863800.0,17365000.0,4181400.0,1494700.0,10600.0,74.58953817894208,22.0,0.0,4997621.971428571,211476.19047619047,287206.61904761905,13.979999542236328,158942.0,19310.7890625,7725.047619047619,4564.619047619048,1526.0,965.4,757.2853333333334,323.328,131.7100067138672,276.7,5.510000228881836,242.224,276.1537619047619,274.321,72.44,26.36118091977829,18.0,185.73504761904763,8.279999732971191,39.0,57.0,139.4,59.25,71.7,73.0,74.0,64.0,71.8,66.4,67.9,69.7,61.3,77.2,79.4,37.0,67.11222222222223,64.76291358024692,72.34342592592593,6.0,8.0,26.7,17.350000381469727,17.35,103.58189523809524,4.357142857142857,7.976190476190476,5.0,5.33,4.2,4.2,4.2,3.9,3.9,3.7,3.8,3.743333333333333,4.33,4.061901234567901,5.33,3.889314814814815,3.6124506172839506,5.33,5.33,6.9,8.12,5.120500000000001,1.1107342768741846,6.85,0.0,0.0,0.0
2025-01-08,37628900.0,25033300.0,46723100.0,14400300.0,22791800.0,3508800.0,1385600.0,8600.0,74.58953817894208,22.0,0.0,4997583.414285715,212095.2380952381,287338.5238095238,12.920000076293944,158942.0,19310.7890625,7715.809523809524,4586.523809523809,1526.0,965.4,757.3086666666667,323.328,125.3000030517578,276.7,5.449999809265137,242.224,275.6249523809524,274.321,72.44,26.36118091977829,18.0,185.81280952380953,8.329999923706055,39.0,57.0,139.4,59.2400016784668,71.7,73.0,74.0,64.0,71.8,66.4,67.9,69.7,61.3,77.2,79.4,37.0,67.11222222222223,64.76291358024692,72.34342592592593,6.0,8.0,26.7,17.350000381469727,17.35,103.61861904761903,4.371428571428571,7.995238095238095,5.0,5.33,4.2,4.2,4.2,3.9,3.9,3.7,3.8,3.743333333333333,4.33,4.061901234567901,5.33,3.889314814814815,3.6124506172839506,5.33,5.33,6.9,8.12,5.120500000000001,1.1107342768741846,6.85,0.0,0.0,0.0
2025-01-10,61710900.0,36811500.0,59415600.0,17274500.0,22713600.0,5564300.0,1135100.0,30000.0,74.58953817894208,22.0,0.0,4997544.857142857,212714.2857142857,287470.4285714286,11.720000267028809,158942.0,19310.7890625,7706.571428571428,4608.428571428572,1526.0,965.4,757.332,323.328,118.70999908447266,276.7,5.579999923706055,242.224,275.09614285714287,274.321,72.44,26.36118091977829,18.0,185.89057142857143,8.3100004196167,39.0,57.0,139.4,59.060001373291016,71.7,73.0,74.0,64.0,71.8,66.4,67.9,69.7,61.3,77.2,79.4,37.0,67.11222222222223,64.76291358024692,72.34342592592593,6.0,8.0,26.7,17.350000381469727,17.35,103.65534285714286,4.385714285714285,8.014285714285714,5.0,5.33,4.2,4.2,4.2,3.9,3.9,3.7,3.8,3.743333333333333,4.33,4.061901234567901,5.33,3.889314814814815,3.6124506172839506,5.33,5.33,6.9,8.12,5.120500000000001,1.1107342768741846,6.85,0.0,0.0,0.0
2025-01-13,49630700.0,27262700.0,39128900.0,19340700.0,20086700.0,4558800.0,954600.0,5300.0,74.58953817894208,22.0,0.0,4997506.3,213333.33333333337,287602.3333333333,10.619999885559082,158942.0,19310.7890625,7697.333333333333,4630.333333333333,1526.0,965.4,757.3553333333333,323.328,117.4800033569336,276.7,5.46999979019165,242.224,274.56733333333335,274.321,72.44,26.36118091977829,18.0,185.96833333333333,7.96999979019165,39.0,57.0,139.4,58.93000030517578,71.7,73.0,74.0,64.0,71.8,66.4,67.9,69.7,61.3,77.2,79.4,37.0,67.11222222222223,64.76291358024692,72.34342592592593,6.0,8.0,26.7,17.350000381469727,17.35,103.69206666666666,4.3999999999999995,8.033333333333333,5.0,5.33,4.2,4.2,4.2,3.9,3.9,3.7,3.8,3.743333333333333,4.33,4.061901234567901,5.33,3.889314814814815,3.6124506172839506,5.33,5.33,6.9,8.12,5.120500000000001,1.1107342768741846,6.85,0.0,0.0,0.0
2025-01-14,39435300.0,24711700.0,37005300.0,16715500.0,12529600.0,3577100.0,774600.0,27800.0,74.58953817894208,22.0,0.0,4997467.742857143,213952.38095238095,287734.2380952381,10.399999618530272,158942.0,19310.7890625,7688.0952380952385,4652.238095238095,1526.0,965.4,757.3786666666667,323.328,118.66000366210938,276.7,5.53000020980835,242.224,274.0385238095238,274.321,72.44,26.36118091977829,18.0,186.04609523809523,8.239999771118164,39.0,57.0,139.4,59.34000015258789,71.7,73.0,74.0,64.0,71.8,66.4,67.9,69.7,61.3,77.2,79.4,37.0,67.11222222222223,64.76291358024692,72.34342592592593,6.0,8.0,26.7,17.350000381469727,17.35,103.72879047619048,4.414285714285714,8.052380952380952,5.0,5.33,4.2,4.2,4.2,3.9,3.9,3.7,3.8,3.743333333333333,4.33,4.061901234567901,5.33,3.889314814814815,3.6124506172839506,5.33,5.33,6.9,8.12,5.120500000000001,1.1107342768741846,6.85,0.0,0.0,0.0
2025-01-15,39832000.0,31291300.0,38185800.0,19185100.0,14299100.0,4345800.0,1030500.0,17600.0,74.58953817894208,22.0,0.0,4997429.185714286,214571.42857142855,287866.14285714284,10.25,158942.0,19310.7890625,7678.857142857143,4674.142857142857,1526.0,965.4,757.402,323.328,120.41999816894533,276.7,5.650000095367432,242.224,273.50971428571427,274.321,72.44,26.36118091977829,18.0,186.12385714285713,8.569999694824219,39.0,57.0,139.4,60.34000015258789,71.7,73.0,74.0,64.0,71.8,66.4,67.9,69.7,61.3,77.2,79.4,37.0,67.11222222222223,64.76291358024692,72.34342592592593,6.0,8.0,26.7,17.350000381469727,17.35,103.76551428571427,4.428571428571428,8.071428571428571,5.0,5.33,4.2,4.2,4.2,3.9,3.9,3.7,3.8,3.743333333333333,4.33,4.061901234567901,5.33,3.889314814814815,3.6124506172839506,5.33,5.33,6.9,8.12,5.120500000000001,1.1107342768741846,6.85,0.0,0.0,0.0
2025-01-16,71759100.0,24757300.0,29414100.0,18445700.0,17136900.0,4185600.0,752000.0,9800.0,74.58953817894208,22.0,0.0,4997390.628571428,215190.47619047615,287998.04761904763,9.890000343322754,158942.0,19310.7890625,7669.619047619048,4696.047619047619,1526.0,965.4,757.4253333333334,323.328,121.08999633789062,276.7,5.630000114440918,242.224,272.98090476190475,274.321,72.44,26.36118091977829,18.0,186.20161904761903,8.539999961853027,39.0,57.0,139.4,60.45000076293945,71.7,73.0,74.0,64.0,71.8,66.4,67.9,69.7,61.3,77.2,79.4,37.0,67.11222222222223,64.76291358024692,72.34342592592593,6.0,8.0,26.7,17.350000381469727,17.35,103.8022380952381,4.442857142857142,8.09047619047619,5.0,5.33,4.2,4.2,4.2,3.9,3.9,3.7,3.8,3.743333333333333,4.33,4.061901234567901,5.33,3.889314814814815,3.6124506172839506,5.33,5.33,6.9,8.12,5.120500000000001,1.1107342768741846,6.85,0.0,0.0,0.0
2025-01-17,68488300.0,42370100.0,35765900.0,23876400.0,12190900.0,4012700.0,934700.0,7000.0,74.58953817894208,22.0,0.0,4997352.071428572,215809.52380952385,288129.95238095237,9.880000114440918,158942.0,19310.7890625,7660.380952380952,4717.952380952381,1526.0,965.4,757.4486666666667,323.328,122.73999786376952,276.7,5.610000133514404,242.224,272.45209523809524,274.321,72.44,26.36118091977829,18.0,186.27938095238096,8.600000381469727,39.0,57.0,139.4,60.95000076293945,71.7,73.0,74.0,64.0,71.8,66.4,67.9,69.7,61.3,77.2,79.4,37.0,67.11222222222223,64.76291358024692,72.34342592592593,6.0,8.0,26.7,17.350000381469727,17.35,103.8389619047619,4.457142857142857,8.109523809523811,5.0,5.33,4.2,4.2,4.2,3.9,3.9,3.7,3.8,3.743333333333333,4.33,4.061901234567901,5.33,3.889314814814815,3.6124506172839506,5.33,5.33,6.9,8.12,5.120500000000001,1.1107342768741846,6.85,0.0,0.0,0.0
2025-01-21,98070400.0,39951500.0,31578800.0,18623800.0,14717000.0,3833300.0,1600300.0,29700.0,74.58953817894208,22.0,0.0,4997313.514285714,216428.57142857145,288261.85714285716,9.619999885559082,158942.0,19310.7890625,7651.142857142857,4739.857142857143,1526.0,965.4,757.472,323.328,123.75,276.7,5.989999771118164,242.224,271.9232857142857,274.321,72.44,26.36118091977829,18.0,186.3571428571429,8.739999771118164,39.0,57.0,139.4,61.33000183105469,71.7,73.0,74.0,64.0,71.8,66.4,67.9,69.7,61.3,77.2,79.4,37.0,67.11222222222223,64.76291358024692,72.34342592592593,6.0,8.0,26.7,17.350000381469727,17.35,103.87568571428572,4.4714285714285715,8.12857142857143,5.0,5.33,4.2,4.2,4.2,3.9,3.9,3.7,3.8,3.743333333333333,4.33,4.061901234567901,5.33,3.889314814814815,3.6124506172839506,5.33,5.33,6.9,8.12,5.120500000000001,1.1107342768741846,6.85,0.0,0.0,0.0
2025-01-22,64126500.0,41448200.0,35023800.0,19436600.0,11934900.0,3391600.0,2035300.0,28900.0,74.58953817894208,22.0,0.0,4997274.957142857,217047.61904761905,288393.7619047619,9.5,158942.0,19310.7890625,7641.9047619047615,4761.761904761905,1526.0,965.4,757.4953333333333,323.328,125.6500015258789,276.7,6.800000190734863,242.224,271.3944761904762,274.321,72.44,26.36118091977829,18.0,186.43490476190476,8.850000381469727,39.0,57.0,139.4,61.7599983215332,71.7,73.0,74.0,64.0,71.8,66.4,67.9,69.7,61.3,77.2,79.4,37.0,67.11222222222223,64.76291358024692,72.34342592592593,6.0,8.0,26.7,17.350000381469727,17.35,103.91240952380952,4.485714285714286,8.147619047619049,5.0,5.33,4.2,4.2,4.2,3.9,3.9,3.7,3.8,3.743333333333333,4.33,4.061901234567901,5.33,3.889314814814815,3.6124506172839506,5.33,5.33,6.9,8.12,5.120500000000001,1.1107342768741846,6.85,0.0,0.0,0.0
2025-01-23,60234800.0,26404400.0,24921100.0,14212000.0,14689700.0,2716700.0,951500.0,24100.0,74.58953817894208,22.0,0.0,4997236.4,217666.66666666663,288525.6666666667,8.960000038146973,158942.0,19310.7890625,7632.666666666667,4783.666666666667,1526.0,965.4,757.5186666666667,323.328,123.70999908447266,276.7,6.960000038146973,242.224,270.86566666666664,274.321,72.44,26.36118091977829,18.0,186.51266666666663,8.899999618530273,39.0,57.0,139.4,62.31999969482422,71.7,73.0,74.0,64.0,71.8,66.4,67.9,69.7,61.3,77.2,79.4,37.0,67.11222222222223,64.76291358024692,72.34342592592593,6.0,8.0,26.7,17.350000381469727,17.35,103.94913333333334,4.5,8.166666666666668,5.0,5.33,4.2,4.2,4.2,3.9,3.9,3.7,3.8,3.743333333333333,4.33,4.061901234567901,5.33,3.889314814814815,3.6124506172839506,5.33,5.33,6.9,8.12,5.120500000000001,1.1107342768741846,6.85,0.0,0.0,0.0
2025-01-24,54697900.0,25890700.0,31570300.0,17232900.0,43125000.0,2631800.0,1072800.0,18900.0,74.58953817894208,22.0,0.0,4997197.842857143,218285.7142857143,288657.5714285714,8.770000457763672,158942.0,19310.7890625,7623.428571428572,4805.571428571428,1526.0,965.4,757.542,323.328,125.25,276.7,6.989999771118164,242.224,270.3368571428571,274.321,72.44,26.36118091977829,18.0,186.59042857142856,8.020000457763672,39.0,57.0,139.4,62.290000915527344,71.7,73.0,74.0,64.0,71.8,66.4,67.9,69.7,61.3,77.2,79.4,37.0,67.11222222222223,64.76291358024692,72.34342592592593,6.0,8.0,26.7,17.350000381469727,17.35,103.98585714285714,4.514285714285714,8.185714285714287,5.0,5.33,4.2,4.2,4.2,3.9,3.9,3.7,3.8,3.743333333333333,4.33,4.061901234567901,5.33,3.889314814814815,3.6124506172839506,5.33,5.33,6.9,8.12,5.120500000000001,1.1107342768741846,6.85,0.0,0.0,0.0
2025-01-27,94863400.0,49428300.0,61067900.0,33730300.0,24600100.0,5086300.0,1257100.0,9000.0,74.58953817894208,22.0,0.0,4997159.285714285,218904.7619047619,288789.4761904762,8.300000190734863,158942.0,19310.7890625,7614.190476190476,4827.476190476191,1526.0,965.4,757.5653333333333,323.328,118.08000183105467,276.7,6.590000152587891,242.224,269.8080476190476,274.321,72.44,26.36118091977829,18.0,186.6681904761905,7.96999979019165,39.0,57.0,139.4,61.459999084472656,71.7,73.0,74.0,64.0,71.8,66.4,67.9,69.7,61.3,77.2,79.4,37.0,67.11222222222223,64.76291358024692,72.34342592592593,6.0,8.0,26.7,17.350000381469727,17.35,104.02258095238096,4.5285714285714285,8.204761904761906,5.0,5.33,4.2,4.2,4.2,3.9,3.9,3.7,3.8,3.743333333333333,4.33,4.061901234567901,5.33,3.889314814814815,3.6124506172839506,5.33,5.33,6.9,8.12,5.120500000000001,1.1107342768741846,6.85,0.0,0.0,0.0
2025-01-28,75707600.0,41587200.0,40554800.0,25473300.0,19454300.0,5376400.0,982100.0,43800.0,74.58953817894208,22.0,0.0,4997120.728571429,219523.80952380953,288921.38095238095,7.980000019073486,158942.0,19310.7890625,7604.952380952381,4849.380952380952,1526.0,965.4,757.5886666666667,323.328,116.1500015258789,276.7,6.590000152587891,242.224,269.2792380952381,274.321,72.44,26.36118091977829,18.0,186.74595238095236,7.78000020980835,39.0,57.0,139.4,59.560001373291016,71.7,73.0,74.0,64.0,71.8,66.4,67.9,69.7,61.3,77.2,79.4,37.0,67.11222222222223,64.76291358024692,72.34342592592593,6.0,8.0,26.7,17.350000381469727,17.35,104.05930476190476,4.542857142857143,8.223809523809525,5.0,5.33,4.2,4.2,4.2,3.9,3.9,3.7,3.8,3.743333333333333,4.33,4.061901234567901,5.33,3.889314814814815,3.6124506172839506,5.33,5.33,6.9,8.12,5.120500000000001,1.1107342768741846,6.85,0.0,0.0,0.0
2025-01-29,45486100.0,26091700.0,40199100.0,17925300.0,18754600.0,2997600.0,1032500.0,5000.0,74.58953817894208,22.0,0.0,4997082.171428571,220142.85714285713,289053.28571428574,7.760000228881836,158942.0,19310.7890625,7595.714285714285,4871.285714285715,1526.0,965.4,757.612,323.328,118.5199966430664,276.7,6.190000057220459,242.224,268.7504285714286,274.321,72.44,26.36118091977829,18.0,186.8237142857143,7.710000038146973,39.0,57.0,139.4,60.540000915527344,71.7,73.0,74.0,64.0,71.8,66.4,67.9,69.7,61.3,77.2,79.4,37.0,67.11222222222223,64.76291358024692,72.34342592592593,6.0,8.0,26.7,17.350000381469727,17.35,104.09602857142856,4.557142857142857,8.242857142857144,5.0,5.33,4.2,4.2,4.2,3.9,3.9,3.7,3.8,3.743333333333333,4.33,4.061901234567901,5.33,3.889314814814815,3.6124506172839506,5.33,5.33,6.9,8.12,5.120500000000001,1.1107342768741846,6.85,0.0,0.0,0.0
2025-01-30,55658300.0,32020700.0,29788400.0,17079000.0,15731200.0,3290100.0,796100.0,32200.0,74.58953817894208,22.0,0.0,4997043.614285714,220761.90476190476,289185.1904761905,7.980000019073486,158942.0,19310.7890625,7586.476190476191,4893.190476190476,1526.0,965.4,757.6353333333334,323.328,120.44000244140624,276.7,6.199999809265137,242.224,268.221619047619,274.321,72.44,26.36118091977829,18.0,186.9014761904762,7.760000228881836,39.0,57.0,139.4,61.08000183105469,71.7,73.0,74.0,64.0,71.8,66.4,67.9,69.7,61.3,77.2,79.4,37.0,67.11222222222223,64.76291358024692,72.34342592592593,6.0,8.0,26.7,17.350000381469727,17.35,104.13275238095238,4.571428571428571,8.261904761904763,5.0,5.33,4.2,4.2,4.2,3.9,3.9,3.7,3.8,3.743333333333333,4.33,4.061901234567901,5.33,3.889314814814815,3.6124506172839506,5.33,5.33,6.9,8.12,5.120500000000001,1.1107342768741846,6.85,0.0,0.0,0.0
2025-01-31,101075100.0,36162400.0,40533600.0,16555700.0,26155200.0,4689100.0,911900.0,23600.0,74.58953817894208,22.0,0.0,4997005.057142857,221380.95238095237,289317.09523809527,8.069999694824219,158942.0,19310.7890625,7577.238095238095,4915.0952380952385,1526.0,965.4,757.6586666666667,323.328,119.56999969482422,276.7,6.25,242.224,267.6928095238095,274.321,72.44,26.36118091977829,18.0,186.9792380952381,7.590000152587891,39.0,57.0,139.4,61.189998626708984,71.7,73.0,74.0,64.0,71.8,66.4,67.9,69.7,61.3,77.2,79.4,37.0,67.11222222222223,64.76291358024692,72.34342592592593,6.0,8.0,26.7,17.350000381469727,17.35,104.1694761904762,4.585714285714285,8.280952380952382,5.0,5.33,4.2,4.2,4.2,3.9,3.9,3.7,3.8,3.743333333333333,4.33,4.061901234567901,5.33,3.889314814814815,3.6124506172839506,5.33,5.33,6.9,8.12,5.120500000000001,1.1107342768741846,6.85,0.0,0.0,0.0
2025-02-01,87069200.0,36724150.0,37559850.0,18465700.0,23772900.0,4018900.0,1016600.0,23850.0,74.58953817894208,22.0,0.0,4996966.5,222000.0,289449.0,7.7749998569488525,158942.0,19310.7890625,7568.0,4937.0,1526.0,965.4,757.682,323.328,117.3650016784668,276.7,6.474999904632568,242.224,267.164,274.321,72.44,26.36118091977829,18.0,187.057,7.555000066757202,39.0,57.0,139.4,61.224998474121094,71.7,73.0,74.0,64.0,71.8,66.4,67.9,69.7,61.3,77.2,79.4,37.0,67.11222222222223,64.76291358024692,72.34342592592593,6.0,8.0,26.7,17.350000381469727,17.35,104.2062,4.6,8.3,5.0,5.33,4.2,4.2,4.2,3.9,3.9,3.7,3.8,3.743333333333333,4.33,4.061901234567901,5.33,3.889314814814815,3.6124506172839506,5.33,5.33,6.9,8.12,5.120500000000001,1.1107342768741846,6.85,0.0,0.0,0.0
2025-02-03,73063300.0,37285900.0,34586100.0,20375700.0,21390600.0,3348700.0,1121300.0,24100.0,74.58953817894208,22.0,0.0,4996966.5,222100.0,289449.0,7.480000019073486,158942.0,19310.7890625,7568.0,4929.15,1526.0,965.4,757.682,323.328,115.16000366210938,276.7,6.699999809265137,242.224,267.164,274.321,72.44,26.36118091977829,18.0,187.057,7.519999980926514,39.0,57.0,139.4,61.2599983215332,71.7,73.0,74.0,64.0,71.8,66.4,67.9,69.7,61.3,77.2,79.4,37.0,67.11222222222223,64.76291358024692,72.34342592592593,6.0,8.0,26.7,17.350000381469727,17.35,104.2062,4.6,8.260000000000002,5.0,5.33,4.2,4.2,4.2,3.9,3.9,3.7,3.8,3.743333333333333,4.33,4.061901234567901,5.33,3.889314814814815,3.6124506172839506,5.33,5.33,6.9,8.12,5.120500000000001,1.1107342768741846,6.85,0.0,0.0,0.0
2025-02-04,45067300.0,29713800.0,69412100.0,12742700.0,18884300.0,2647700.0,659100.0,42000.0,74.58953817894208,22.0,0.0,4996966.5,222200.0,289449.0,7.789999961853027,158942.0,19310.7890625,7568.0,4921.3,1526.0,965.4,757.682,323.328,119.8499984741211,276.7,6.989999771118164,242.224,267.164,274.321,72.44,26.36118091977829,18.0,187.057,7.550000190734863,39.0,57.0,139.4,61.59000015258789,71.7,73.0,74.0,64.0,71.8,66.4,67.9,69.7,61.3,77.2,79.4,37.0,67.11222222222223,64.76291358024692,72.34342592592593,6.0,8.0,26.7,17.350000381469727,17.35,104.2062,4.6,8.22,5.0,5.33,4.2,4.2,4.2,3.9,3.9,3.7,3.8,3.743333333333333,4.33,4.061901234567901,5.33,3.889314814814815,3.6124506172839506,5.33,5.33,6.9,8.12,5.120500000000001,1.1107342768741846,6.85,0.0,0.0,0.0
2025-02-05,39620300.0,38727300.0,110385200.0,18997400.0,16423700.0,2937800.0,635900.0,6000.0,74.58953817894208,22.0,0.0,4996966.5,222300.0,289449.0,7.929999828338623,158942.0,19310.7890625,7568.0,4913.45,1526.0,965.4,757.682,323.328,112.08999633789062,276.7,6.849999904632568,242.224,267.164,274.321,72.44,26.36118091977829,18.0,187.057,7.619999885559082,39.0,57.0,139.4,62.709999084472656,71.7,73.0,74.0,64.0,71.8,66.4,67.9,69.7,61.3,77.2,79.4,37.0,67.11222222222223,64.76291358024692,72.34342592592593,6.0,8.0,26.7,17.350000381469727,17.35,104.2062,4.6,8.18,5.0,5.33,4.2,4.2,4.2,3.9,3.9,3.7,3.8,3.743333333333333,4.33,4.061901234567901,5.33,3.889314814814815,3.6124506172839506,5.33,5.33,6.9,8.12,5.120500000000001,1.1107342768741846,6.85,0.0,0.0,0.0
2025-02-06,29925300.0,60897100.0,50426600.0,15521800.0,13130800.0,2568100.0,954300.0,28400.0,74.58953817894208,22.0,0.0,4996966.5,222400.0,289449.0,8.079999923706055,158942.0,19310.7890625,7568.0,4905.6,1526.0,965.4,757.682,323.328,112.55999755859376,276.7,6.960000038146973,242.224,267.164,274.321,72.44,26.36118091977829,18.0,187.057,7.639999866485596,39.0,57.0,139.4,62.90999984741211,71.7,73.0,74.0,64.0,71.8,66.4,67.9,69.7,61.3,77.2,79.4,37.0,67.11222222222223,64.76291358024692,72.34342592592593,6.0,8.0,26.7,17.350000381469727,17.35,104.2062,4.6,8.14,5.0,5.33,4.2,4.2,4.2,3.9,3.9,3.7,3.8,3.743333333333333,4.33,4.061901234567901,5.33,3.889314814814815,3.6124506172839506,5.33,5.33,6.9,8.12,5.120500000000001,1.1107342768741846,6.85,0.0,0.0,0.0
2025-02-07,39707200.0,77539300.0,46082500.0,23861000.0,18087900.0,2693500.0,839700.0,5200.0,74.58953817894208,22.0,0.0,4996966.5,222500.0,289449.0,7.800000190734863,158942.0,19310.7890625,7568.0,4897.75,1526.0,965.4,757.682,323.328,109.91999816894533,276.7,6.570000171661377,242.224,267.164,274.321,72.44,26.36118091977829,18.0,187.057,7.630000114440918,39.0,57.0,139.4,63.25,71.7,73.0,74.0,64.0,71.8,66.4,67.9,69.7,61.3,77.2,79.4,37.0,67.11222222222223,64.76291358024692,72.34342592592593,6.0,8.0,26.7,17.350000381469727,17.35,104.2062,4.6,8.100000000000001,5.0,5.33,4.2,4.2,4.2,3.9,3.9,3.7,3.8,3.743333333333333,4.33,4.061901234567901,5.33,3.889314814814815,3.6124506172839506,5.33,5.33,6.9,8.12,5.120500000000001,1.1107342768741846,6.85,0.0,0.0,0.0
2025-02-10,33115600.0,35419900.0,34905400.0,15816200.0,10035100.0,3946700.0,762500.0,8400.0,74.58953817894208,22.0,0.0,4996966.5,222600.0,289449.0,7.460000038146973,158942.0,19310.7890625,7568.0,4889.9,1526.0,965.4,757.682,323.328,111.4000015258789,276.7,6.460000038146973,242.224,267.164,274.321,72.44,26.36118091977829,18.0,187.057,7.679999828338623,39.0,57.0,139.4,63.150001525878906,71.7,73.0,74.0,64.0,71.8,66.4,67.9,69.7,61.3,77.2,79.4,37.0,67.11222222222223,64.76291358024692,72.34342592592593,6.0,8.0,26.7,17.350000381469727,17.35,104.2062,4.6,8.06,5.0,5.33,4.2,4.2,4.2,3.9,3.9,3.7,3.8,3.743333333333333,4.33,4.061901234567901,5.33,3.889314814814815,3.6124506172839506,5.33,5.33,6.9,8.12,5.120500000000001,1.1107342768741846,6.85,0.0,0.0,0.0
2025-02-11,53718400.0,23713700.0,35033800.0,17702500.0,12540500.0,3257000.0,628300.0,9700.0,74.58953817894208,22.0,0.0,4996966.5,222700.0,289449.0,7.210000038146973,158942.0,19310.7890625,7568.0,4882.05,1526.0,965.4,757.682,323.328,113.06999969482422,276.7,6.440000057220459,242.224,267.164,274.321,72.44,26.36118091977829,18.0,187.057,7.769999980926514,39.0,57.0,139.4,62.79999923706055,71.7,73.0,74.0,64.0,71.8,66.4,67.9,69.7,61.3,77.2,79.4,37.0,67.11222222222223,64.76291358024692,72.34342592592593,6.0,8.0,26.7,17.350000381469727,17.35,104.2062,4.6,8.02,5.0,5.33,4.2,4.2,4.2,3.9,3.9,3.7,3.8,3.743333333333333,4.33,4.061901234567901,5.33,3.889314814814815,3.6124506172839506,5.33,5.33,6.9,8.12,5.120500000000001,1.1107342768741846,6.85,0.0,0.0,0.0
2025-02-12,45243300.0,32285200.0,25319700.0,30116300.0,12242600.0,3308500.0,737600.0,9300.0,74.58953817894208,22.0,0.0,4996966.5,222800.0,289449.0,7.409999847412109,158942.0,19310.7890625,7568.0,4874.2,1526.0,965.4,757.682,323.328,111.83999633789062,276.7,5.889999866485596,242.224,267.164,274.321,72.44,26.36118091977829,18.0,187.057,7.840000152587891,39.0,57.0,139.4,62.560001373291016,71.7,73.0,74.0,64.0,71.8,66.4,67.9,69.7,61.3,77.2,79.4,37.0,67.11222222222223,64.76291358024692,72.34342592592593,6.0,8.0,26.7,17.350000381469727,17.35,104.2062,4.6,7.98,5.0,5.33,4.2,4.2,4.2,3.9,3.9,3.7,3.8,3.743333333333333,4.33,4.061901234567901,5.33,3.889314814814815,3.6124506172839506,5.33,5.33,6.9,8.12,5.120500000000001,1.1107342768741846,6.85,0.0,0.0,0.0
2025-02-13,53614100.0,31346500.0,40911800.0,43257700.0,9489100.0,2794400.0,927300.0,14800.0,74.58953817894208,22.0,0.0,4996966.5,222900.0,289449.0,7.940000057220459,158942.0,19310.7890625,7568.0,4866.35,1526.0,965.4,757.682,323.328,114.5999984741211,276.7,6.179999828338623,242.224,267.164,274.321,72.44,26.36118091977829,18.0,187.057,7.909999847412109,39.0,57.0,139.4,66.5,71.7,73.0,74.0,64.0,71.8,66.4,67.9,69.7,61.3,77.2,79.4,37.0,67.11222222222223,64.76291358024692,72.34342592592593,6.0,8.0,26.7,17.350000381469727,17.35,104.2062,4.6,7.94,5.0,5.33,4.2,4.2,4.2,3.9,3.9,3.7,3.8,3.743333333333333,4.33,4.061901234567901,5.33,3.889314814814815,3.6124506172839506,5.33,5.33,6.9,8.12,5.120500000000001,1.1107342768741846,6.85,0.0,0.0,0.0
2025-02-14,40896200.0,27031100.0,32477200.0,23693300.0,7777500.0,2623000.0,736200.0,17800.0,74.58953817894208,22.0,0.0,4996966.5,223000.0,289449.0,7.980000019073486,158942.0,19310.7890625,7568.0,4858.5,1526.0,965.4,757.682,323.328,114.62999725341795,276.7,6.139999866485596,242.224,267.164,274.321,72.44,26.36118091977829,18.0,187.057,7.96999979019165,39.0,57.0,139.4,65.06999969482422,71.7,73.0,74.0,64.0,71.8,66.4,67.9,69.7,61.3,77.2,79.4,37.0,67.11222222222223,64.76291358024692,72.34342592592593,6.0,8.0,26.7,17.350000381469727,17.35,104.2062,4.6,7.9,5.0,5.33,4.2,4.2,4.2,3.9,3.9,3.7,3.8,3.743333333333333,4.33,4.061901234567901,5.33,3.889314814814815,3.6124506172839506,5.33,5.33,6.9,8.12,5.120500000000001,1.1107342768741846,6.85,0.0,0.0,0.0
2025-02-18,48822500.0,42975100.0,31720300.0,22047500.0,14056800.0,2973800.0,514700.0,15700.0,74.58953817894208,22.0,0.0,4996966.5,223100.0,289449.0,8.0,158942.0,19310.7890625,7568.0,4850.65,1526.0,965.4,757.682,323.328,115.5500030517578,276.7,5.900000095367432,242.224,267.164,274.321,72.44,26.36118091977829,18.0,187.057,7.96999979019165,39.0,57.0,139.4,66.25,71.7,73.0,74.0,64.0,71.8,66.4,67.9,69.7,61.3,77.2,79.4,37.0,67.11222222222223,64.76291358024692,72.34342592592593,6.0,8.0,26.7,17.350000381469727,17.35,104.2062,4.6,7.86,5.0,5.33,4.2,4.2,4.2,3.9,3.9,3.7,3.8,3.743333333333333,4.33,4.061901234567901,5.33,3.889314814814815,3.6124506172839506,5.33,5.33,6.9,8.12,5.120500000000001,1.1107342768741846,6.85,0.0,0.0,0.0
2025-02-19,32204200.0,28566700.0,28807700.0,14164100.0,8222900.0,2965500.0,1129500.0,9500.0,74.58953817894208,22.0,0.0,4996966.5,223200.0,289449.0,8.359999656677246,158942.0,19310.7890625,7568.0,4842.8,1526.0,965.4,757.682,323.328,116.11000061035156,276.7,5.409999847412109,242.224,267.164,274.321,72.44,26.36118091977829,18.0,187.057,7.889999866485596,39.0,57.0,139.4,64.95999908447266,71.7,73.0,74.0,64.0,71.8,66.4,67.9,69.7,61.3,77.2,79.4,37.0,67.11222222222223,64.76291358024692,72.34342592592593,6.0,8.0,26.7,17.350000381469727,17.35,104.2062,4.6,7.82,5.0,5.33,4.2,4.2,4.2,3.9,3.9,3.7,3.8,3.743333333333333,4.33,4.061901234567901,5.33,3.889314814814815,3.6124506172839506,5.33,5.33,6.9,8.12,5.120500000000001,1.1107342768741846,6.85,0.0,0.0,0.0
2025-02-20,32316900.0,30001700.0,27219600.0,14836600.0,15963100.0,2337600.0,559200.0,10600.0,74.58953817894208,22.0,0.0,4996966.5,223300.0,289449.0,7.760000228881836,158942.0,19310.7890625,7568.0,4834.95,1526.0,965.4,757.682,323.328,116.5500030517578,276.7,5.389999866485596,242.224,267.164,274.321,72.44,26.36118091977829,18.0,187.057,8.050000190734863,39.0,57.0,139.4,65.2300033569336,71.7,73.0,74.0,64.0,71.8,66.4,67.9,69.7,61.3,77.2,79.4,37.0,67.11222222222223,64.76291358024692,72.34342592592593,6.0,8.0,26.7,17.350000381469727,17.35,104.2062,4.6,7.78,5.0,5.33,4.2,4.2,4.2,3.9,3.9,3.7,3.8,3.743333333333333,4.33,4.061901234567901,5.33,3.889314814814815,3.6124506172839506,5.33,5.33,6.9,8.12,5.120500000000001,1.1107342768741846,6.85,0.0,0.0,0.0
2025-02-21,53197400.0,55323900.0,41353700.0,18905800.0,10823500.0,3376000.0,686100.0,8300.0,74.58953817894208,22.0,0.0,4996966.5,223400.0,289449.0,7.670000076293945,158942.0,19310.7890625,7568.0,4827.1,1526.0,965.4,757.682,323.328,115.76000213623048,276.7,5.21999979019165,242.224,267.164,274.321,72.44,26.36118091977829,18.0,187.057,8.010000228881836,39.0,57.0,139.4,64.95999908447266,71.7,73.0,74.0,64.0,71.8,66.4,67.9,69.7,61.3,77.2,79.4,37.0,67.11222222222223,64.76291358024692,72.34342592592593,6.0,8.0,26.7,17.350000381469727,17.35,104.2062,4.6,7.74,5.0,5.33,4.2,4.2,4.2,3.9,3.9,3.7,3.8,3.743333333333333,4.33,4.061901234567901,5.33,3.889314814814815,3.6124506172839506,5.33,5.33,6.9,8.12,5.120500000000001,1.1107342768741846,6.85,0.0,0.0,0.0
2025-02-24,51326400.0,42387600.0,29072200.0,17287500.0,17330700.0,2807900.0,669200.0,6200.0,74.58953817894208,22.0,0.0,4996966.5,223500.0,289449.0,7.159999847412109,158942.0,19310.7890625,7568.0,4819.25,1526.0,965.4,757.682,323.328,111.5999984741211,276.7,5.260000228881836,242.224,267.164,274.321,72.44,26.36118091977829,18.0,187.057,8.050000190734863,39.0,57.0,139.4,64.58000183105469,71.7,73.0,74.0,64.0,71.8,66.4,67.9,69.7,61.3,77.2,79.4,37.0,67.11222222222223,64.76291358024692,72.34342592592593,6.0,8.0,26.7,17.350000381469727,17.35,104.2062,4.6,7.7,5.0,5.33,4.2,4.2,4.2,3.9,3.9,3.7,3.8,3.743333333333333,4.33,4.061901234567901,5.33,3.889314814814815,3.6124506172839506,5.33,5.33,6.9,8.12,5.120500000000001,1.1107342768741846,6.85,0.0,0.0,0.0
2025-02-25,48013300.0,58958000.0,39169200.0,22100100.0,22679400.0,2612700.0,729400.0,2500.0,74.58953817894208,22.0,0.0,4996966.5,223600.0,289449.0,6.789999961853027,158942.0,19310.7890625,7568.0,4811.4,1526.0,965.4,757.682,323.328,108.63999938964844,276.7,5.099999904632568,242.224,267.164,274.321,72.44,26.36118091977829,18.0,187.057,8.329999923706055,39.0,57.0,139.4,64.63999938964844,71.7,73.0,74.0,64.0,71.8,66.4,67.9,69.7,61.3,77.2,79.4,37.0,67.11222222222223,64.76291358024692,72.34342592592593,6.0,8.0,26.7,17.350000381469727,17.35,104.2062,4.6,7.66,5.0,5.33,4.2,4.2,4.2,3.9,3.9,3.7,3.8,3.743333333333333,4.33,4.061901234567901,5.33,3.889314814814815,3.6124506172839506,5.33,5.33,6.9,8.12,5.120500000000001,1.1107342768741846,6.85,0.0,0.0,0.0
2025-02-26,44433600.0,39120600.0,29178200.0,13452300.0,17614000.0,1947600.0,426400.0,1700.0,74.58953817894208,22.0,0.0,4996966.5,223700.0,289449.0,6.679999828338623,158942.0,19310.7890625,7568.0,4803.55,1526.0,965.4,757.682,323.328,105.8000030517578,276.7,5.139999866485596,242.224,267.164,274.321,72.44,26.36118091977829,18.0,187.057,8.369999885559082,39.0,57.0,139.4,64.77999877929688,71.7,73.0,74.0,64.0,71.8,66.4,67.9,69.7,61.3,77.2,79.4,37.0,67.11222222222223,64.76291358024692,72.34342592592593,6.0,8.0,26.7,17.350000381469727,17.35,104.2062,4.6,7.62,5.0,5.33,4.2,4.2,4.2,3.9,3.9,3.7,3.8,3.743333333333333,4.33,4.061901234567901,5.33,3.889314814814815,3.6124506172839506,5.33,5.33,6.9,8.12,5.120500000000001,1.1107342768741846,6.85,0.0,0.0,0.0
2025-02-27,41153600.0,40548600.0,47263700.0,24695600.0,22178100.0,2340200.0,510800.0,2400.0,74.58953817894208,22.0,0.0,4996966.5,223800.0,289449.0,6.409999847412109,158942.0,19310.7890625,7568.0,4795.7,1526.0,965.4,757.682,323.328,105.76000213623048,276.7,5.150000095367432,242.224,267.164,274.321,72.44,26.36118091977829,18.0,187.057,8.34000015258789,39.0,57.0,139.4,65.29000091552734,71.7,73.0,74.0,64.0,71.8,66.4,67.9,69.7,61.3,77.2,79.4,37.0,67.11222222222223,64.76291358024692,72.34342592592593,6.0,8.0,26.7,17.350000381469727,17.35,104.2062,4.6,7.58,5.0,5.33,4.2,4.2,4.2,3.9,3.9,3.7,3.8,3.743333333333333,4.33,4.061901234567901,5.33,3.889314814814815,3.6124506172839506,5.33,5.33,6.9,8.12,5.120500000000001,1.1107342768741846,6.85,0.0,0.0,0.0
2025-02-28,56833400.0,51771700.0,45194600.0,26711800.0,35499800.0,3936900.0,711500.0,8700.0,74.58953817894208,22.0,0.0,4996966.5,223900.0,289449.0,6.010000228881836,158942.0,19310.7890625,7568.0,4787.85,1526.0,965.4,757.682,323.328,101.8000030517578,276.7,4.869999885559082,242.224,267.164,274.321,72.44,26.36118091977829,18.0,187.057,8.260000228881836,39.0,57.0,139.4,64.16000366210938,71.7,73.0,74.0,64.0,71.8,66.4,67.9,69.7,61.3,77.2,79.4,37.0,67.11222222222223,64.76291358024692,72.34342592592593,6.0,8.0,26.7,17.350000381469727,17.35,104.2062,4.6,7.54,5.0,5.33,4.2,4.2,4.2,3.9,3.9,3.7,3.8,3.743333333333333,4.33,4.061901234567901,5.33,3.889314814814815,3.6124506172839506,5.33,5.33,6.9,8.12,5.120500000000001,1.1107342768741846,6.85,0.0,0.0,0.0
2025-03-01,52008700.0,47360050.0,42076300.0,24261250.0,32336400.0,3272300.0,851300.0,7900.0,74.58953817894208,22.0,0.0,4996966.5,224000.0,289449.0,5.965000152587891,158942.0,19310.7890625,7568.0,4780.0,1526.0,965.4,757.682,323.328,102.06999969482422,276.7,4.940000057220459,242.224,267.164,274.321,72.44,26.36118091977829,18.0,187.057,8.375,39.0,57.0,139.4,64.52000045776367,71.7,73.0,74.0,64.0,71.8,66.4,67.9,69.7,61.3,77.2,79.4,37.0,67.11222222222223,64.76291358024692,72.34342592592593,6.0,8.0,26.7,17.350000381469727,17.35,104.2062,4.6,7.5,5.0,5.33,4.2,4.2,4.2,3.9,3.9,3.7,3.8,3.743333333333333,4.33,4.061901234567901,5.33,3.889314814814815,3.6124506172839506,5.33,5.33,6.9,8.12,5.120500000000001,1.1107342768741846,6.85,0.0,0.0,0.0
2025-03-03,47184000.0,42948400.0,38958000.0,21810700.0,29173000.0,2607700.0,991100.0,7100.0,74.58953817894208,22.0,0.0,4996966.5,224000.0,289449.0,5.920000076293945,158942.0,19310.7890625,7568.0,4780.0,1526.0,965.4,757.682,323.328,102.33999633789062,276.7,5.010000228881836,242.224,267.164,274.321,72.44,26.36118091977829,18.0,187.057,8.489999771118164,39.0,57.0,139.4,64.87999725341797,71.7,73.0,74.0,64.0,71.8,66.4,67.9,69.7,61.3,77.2,79.4,37.0,67.11222222222223,64.76291358024692,72.34342592592593,6.0,8.0,26.7,17.350000381469727,17.35,104.2062,4.6,7.5,5.0,5.33,4.2,4.2,4.2,3.9,3.9,3.7,3.8,3.743333333333333,4.33,4.061901234567901,5.33,3.889314814814815,3.6124506172839506,5.33,5.33,6.9,8.12,5.120500000000001,1.1107342768741846,6.85,0.0,0.0,0.0
2025-03-04,53798100.0,60853100.0,54156900.0,24588300.0,27252600.0,2942200.0,1124700.0,20400.0,74.58953817894208,22.0,0.0,4996966.5,224000.0,289449.0,5.96999979019165,158942.0,19310.7890625,7568.0,4780.0,1526.0,965.4,757.682,323.328,103.18000030517578,276.7,4.739999771118164,242.224,267.164,274.321,72.44,26.36118091977829,18.0,187.057,8.3100004196167,39.0,57.0,139.4,63.90999984741211,71.7,73.0,74.0,64.0,71.8,66.4,67.9,69.7,61.3,77.2,79.4,37.0,67.11222222222223,64.76291358024692,72.34342592592593,6.0,8.0,26.7,17.350000381469727,17.35,104.2062,4.6,7.5,5.0,5.33,4.2,4.2,4.2,3.9,3.9,3.7,3.8,3.743333333333333,4.33,4.061901234567901,5.33,3.889314814814815,3.6124506172839506,5.33,5.33,6.9,8.12,5.120500000000001,1.1107342768741846,6.85,0.0,0.0,0.0
2025-03-05,47227600.0,38610100.0,27855500.0,14931500.0,25192200.0,2406200.0,798700.0,55200.0,74.58953817894208,22.0,0.0,4996966.5,224000.0,289449.0,6.179999828338623,158942.0,19310.7890625,7568.0,4780.0,1526.0,965.4,757.682,323.328,101.83999633789062,276.7,5.039999961853027,242.224,267.164,274.321,72.44,26.36118091977829,18.0,187.057,8.640000343322754,39.0,57.0,139.4,64.18000030517578,71.7,73.0,74.0,64.0,71.8,66.4,67.9,69.7,61.3,77.2,79.4,37.0,67.11222222222223,64.76291358024692,72.34342592592593,6.0,8.0,26.7,17.350000381469727,17.35,104.2062,4.6,7.5,5.0,5.33,4.2,4.2,4.2,3.9,3.9,3.7,3.8,3.743333333333333,4.33,4.061901234567901,5.33,3.889314814814815,3.6124506172839506,5.33,5.33,6.9,8.12,5.120500000000001,1.1107342768741846,6.85,0.0,0.0,0.0
2025-03-06,45170400.0,49863800.0,28985000.0,23155100.0,19812200.0,2732100.0,680300.0,18100.0,74.58953817894208,22.0,0.0,4996966.5,224000.0,289449.0,6.380000114440918,158942.0,19310.7890625,7568.0,4780.0,1526.0,965.4,757.682,323.328,101.08000183105467,276.7,4.840000152587891,242.224,267.164,274.321,72.44,26.36118091977829,18.0,187.057,8.609999656677246,39.0,57.0,139.4,64.0199966430664,71.7,73.0,74.0,64.0,71.8,66.4,67.9,69.7,61.3,77.2,79.4,37.0,67.11222222222223,64.76291358024692,72.34342592592593,6.0,8.0,26.7,17.350000381469727,17.35,104.2062,4.6,7.5,5.0,5.33,4.2,4.2,4.2,3.9,3.9,3.7,3.8,3.743333333333333,4.33,4.061901234567901,5.33,3.889314814814815,3.6124506172839506,5.33,5.33,6.9,8.12,5.120500000000001,1.1107342768741846,6.85,0.0,0.0,0.0
2025-03-07,46273600.0,59802800.0,33254400.0,21154800.0,22637900.0,3039500.0,780300.0,14700.0,74.58953817894208,22.0,0.0,4996966.5,224000.0,289449.0,6.699999809265137,158942.0,19310.7890625,7568.0,4780.0,1526.0,965.4,757.682,323.328,100.6500015258789,276.7,4.710000038146973,242.224,267.164,274.321,72.44,26.36118091977829,18.0,187.057,8.670000076293945,39.0,57.0,139.4,64.16999816894531,71.7,73.0,74.0,64.0,71.8,66.4,67.9,69.7,61.3,77.2,79.4,37.0,67.11222222222223,64.76291358024692,72.34342592592593,6.0,8.0,26.7,17.350000381469727,17.35,104.2062,4.6,7.5,5.0,5.33,4.2,4.2,4.2,3.9,3.9,3.7,3.8,3.743333333333333,4.33,4.061901234567901,5.33,3.889314814814815,3.6124506172839506,5.33,5.33,6.9,8.12,5.120500000000001,1.1107342768741846,6.85,0.0,0.0,0.0
2025-03-10,72071200.0,62350900.0,38733200.0,27417600.0,24879400.0,4001600.0,814200.0,7600.0,74.58953817894208,22.0,0.0,4996966.5,224000.0,289449.0,6.579999923706055,158942.0,19310.7890625,7568.0,4780.0,1526.0,965.4,757.682,323.328,101.29000091552734,276.7,4.349999904632568,242.224,267.164,274.321,72.44,26.36118091977829,18.0,187.057,8.609999656677246,39.0,57.0,139.4,63.689998626708984,71.7,73.0,74.0,64.0,71.8,66.4,67.9,69.7,61.3,77.2,79.4,37.0,67.11222222222223,64.76291358024692,72.34342592592593,6.0,8.0,26.7,17.350000381469727,17.35,104.2062,4.6,7.5,5.0,5.33,4.2,4.2,4.2,3.9,3.9,3.7,3.8,3.743333333333333,4.33,4.061901234567901,5.33,3.889314814814815,3.6124506172839506,5.33,5.33,6.9,8.12,5.120500000000001,1.1107342768741846,6.85,0.0,0.0,0.0
2025-03-11,76137400.0,54002900.0,34078300.0,25787400.0,31061200.0,3145200.0,1033100.0,11900.0,74.58953817894208,22.0,0.0,4996966.5,224000.0,289449.0,6.699999809265137,158942.0,19310.7890625,7568.0,4780.0,1526.0,965.4,757.682,323.328,98.16000366210938,276.7,4.28000020980835,242.224,267.164,274.321,72.44,26.36118091977829,18.0,187.057,8.449999809265137,39.0,57.0,139.4,62.380001068115234,71.7,73.0,74.0,64.0,71.8,66.4,67.9,69.7,61.3,77.2,79.4,37.0,67.11222222222223,64.76291358024692,72.34342592592593,6.0,8.0,26.7,17.350000381469727,17.35,104.2062,4.6,7.5,5.0,5.33,4.2,4.2,4.2,3.9,3.9,3.7,3.8,3.743333333333333,4.33,4.061901234567901,5.33,3.889314814814815,3.6124506172839506,5.33,5.33,6.9,8.12,5.120500000000001,1.1107342768741846,6.85,0.0,0.0,0.0
2025-03-12,62547500.0,43679300.0,34241300.0,18935300.0,33174000.0,5515900.0,1045800.0,27600.0,74.58953817894208,22.0,0.0,4996966.5,224000.0,289449.0,6.989999771118164,158942.0,19310.7890625,7568.0,4780.0,1526.0,965.4,757.682,323.328,101.72000122070312,276.7,3.9800000190734863,242.224,267.164,274.321,72.44,26.36118091977829,18.0,187.057,8.239999771118164,39.0,57.0,139.4,61.18000030517578,71.7,73.0,74.0,64.0,71.8,66.4,67.9,69.7,61.3,77.2,79.4,37.0,67.11222222222223,64.76291358024692,72.34342592592593,6.0,8.0,26.7,17.350000381469727,17.35,104.2062,4.6,7.5,5.0,5.33,4.2,4.2,4.2,3.9,3.9,3.7,3.8,3.743333333333333,4.33,4.061901234567901,5.33,3.889314814814815,3.6124506172839506,5.33,5.33,6.9,8.12,5.120500000000001,1.1107342768741846,6.85,0.0,0.0,0.0
2025-03-13,61368300.0,41270800.0,28575200.0,16463300.0,23284100.0,14386600.0,670800.0,25200.0,74.58953817894208,22.0,0.0,4996966.5,224000.0,289449.0,7.179999828338623,158942.0,19310.7890625,7568.0,4780.0,1526.0,965.4,757.682,323.328,100.06999969482422,276.7,3.880000114440918,242.224,267.164,274.321,72.44,26.36118091977829,18.0,187.057,8.020000457763672,39.0,57.0,139.4,60.4900016784668,71.7,73.0,74.0,64.0,71.8,66.4,67.9,69.7,61.3,77.2,79.4,37.0,67.11222222222223,64.76291358024692,72.34342592592593,6.0,8.0,26.7,17.350000381469727,17.35,104.2062,4.6,7.5,5.0,5.33,4.2,4.2,4.2,3.9,3.9,3.7,3.8,3.743333333333333,4.33,4.061901234567901,5.33,3.889314814814815,3.6124506172839506,5.33,5.33,6.9,8.12,5.120500000000001,1.1107342768741846,6.85,0.0,0.0,0.0
2025-03-14,60107600.0,38096700.0,24715300.0,16250700.0,25639200.0,6134800.0,777500.0,19000.0,74.58953817894208,22.0,0.0,4996966.5,224000.0,289449.0,6.610000133514404,158942.0,19310.7890625,7568.0,4780.0,1526.0,965.4,757.682,323.328,101.22000122070312,276.7,3.609999895095825,242.224,267.164,274.321,72.44,26.36118091977829,18.0,187.057,8.210000038146973,39.0,57.0,139.4,60.619998931884766,71.7,73.0,74.0,64.0,71.8,66.4,67.9,69.7,61.3,77.2,79.4,37.0,67.11222222222223,64.76291358024692,72.34342592592593,6.0,8.0,26.7,17.350000381469727,17.35,104.2062,4.6,7.5,5.0,5.33,4.2,4.2,4.2,3.9,3.9,3.7,3.8,3.743333333333333,4.33,4.061901234567901,5.33,3.889314814814815,3.6124506172839506,5.33,5.33,6.9,8.12,5.120500000000001,1.1107342768741846,6.85,0.0,0.0,0.0
2025-03-17,48073400.0,47341800.0,43689500.0,15335800.0,13693700.0,4258500.0,588900.0,14300.0,74.58953817894208,22.0,0.0,4996966.5,224000.0,289449.0,6.230000019073486,158942.0,19310.7890625,7568.0,4780.0,1526.0,965.4,757.682,323.328,106.1500015258789,276.7,3.680000066757202,242.224,267.164,274.321,72.44,26.36118091977829,18.0,187.057,8.279999732971191,39.0,57.0,139.4,61.209999084472656,71.7,73.0,74.0,64.0,71.8,66.4,67.9,69.7,61.3,77.2,79.4,37.0,67.11222222222223,64.76291358024692,72.34342592592593,6.0,8.0,26.7,17.350000381469727,17.35,104.2062,4.6,7.5,5.0,5.33,4.2,4.2,4.2,3.9,3.9,3.7,3.8,3.743333333333333,4.33,4.061901234567901,5.33,3.889314814814815,3.6124506172839506,5.33,5.33,6.9,8.12,5.120500000000001,1.1107342768741846,6.85,0.0,0.0,0.0
2025-03-18,42432400.0,40414900.0,27152800.0,16669000.0,26778700.0,4297300.0,717900.0,5400.0,74.58953817894208,22.0,0.0,4996966.5,224000.0,289449.0,6.119999885559082,158942.0,19310.7890625,7568.0,4780.0,1526.0,965.4,757.682,323.328,104.5500030517578,276.7,3.740000009536743,242.224,267.164,274.321,72.44,26.36118091977829,18.0,187.057,8.270000457763672,39.0,57.0,139.4,60.79999923706055,71.7,73.0,74.0,64.0,71.8,66.4,67.9,69.7,61.3,77.2,79.4,37.0,67.11222222222223,64.76291358024692,72.34342592592593,6.0,8.0,26.7,17.350000381469727,17.35,104.2062,4.6,7.5,5.0,5.33,4.2,4.2,4.2,3.9,3.9,3.7,3.8,3.743333333333333,4.33,4.061901234567901,5.33,3.889314814814815,3.6124506172839506,5.33,5.33,6.9,8.12,5.120500000000001,1.1107342768741846,6.85,0.0,0.0,0.0
2025-03-19,54385400.0,39442900.0,32287500.0,15488800.0,15491900.0,4349900.0,659500.0,4400.0,74.58953817894208,22.0,0.0,4996966.5,224000.0,289449.0,5.670000076293945,158942.0,19310.7890625,7568.0,4780.0,1526.0,965.4,757.682,323.328,107.9000015258789,276.7,3.859999895095825,242.224,267.164,274.321,72.44,26.36118091977829,18.0,187.057,8.25,39.0,57.0,139.4,61.58000183105469,71.7,73.0,74.0,64.0,71.8,66.4,67.9,69.7,61.3,77.2,79.4,37.0,67.11222222222223,64.76291358024692,72.34342592592593,6.0,8.0,26.7,17.350000381469727,17.35,104.2062,4.6,7.5,5.0,5.33,4.2,4.2,4.2,3.9,3.9,3.7,3.8,3.743333333333333,4.33,4.061901234567901,5.33,3.889314814814815,3.6124506172839506,5.33,5.33,6.9,8.12,5.120500000000001,1.1107342768741846,6.85,0.0,0.0,0.0
2025-03-20,48862900.0,38921100.0,26871800.0,16528600.0,21050200.0,4009500.0,568900.0,6700.0,74.58953817894208,22.0,0.0,4996966.5,224000.0,289449.0,5.519999980926514,158942.0,19310.7890625,7568.0,4780.0,1526.0,965.4,757.682,323.328,108.26000213623048,276.7,3.740000009536743,242.224,267.164,274.321,72.44,26.36118091977829,18.0,187.057,8.279999732971191,39.0,57.0,139.4,61.02000045776367,71.7,73.0,74.0,64.0,71.8,66.4,67.9,69.7,61.3,77.2,79.4,37.0,67.11222222222223,64.76291358024692,72.34342592592593,6.0,8.0,26.7,17.350000381469727,17.35,104.2062,4.6,7.5,5.0,5.33,4.2,4.2,4.2,3.9,3.9,3.7,3.8,3.743333333333333,4.33,4.061901234567901,5.33,3.889314814814815,3.6124506172839506,5.33,5.33,6.9,8.12,5.120500000000001,1.1107342768741846,6.85,0.0,0.0,0.0
2025-03-21,94127800.0,60056900.0,30767900.0,65935200.0,21603200.0,7607300.0,1312000.0,8800.0,74.58953817894208,22.0,0.0,4996966.5,224000.0,289449.0,5.25,158942.0,19310.7890625,7568.0,4780.0,1526.0,965.4,757.682,323.328,107.25,276.7,3.950000047683716,242.224,267.164,274.321,72.44,26.36118091977829,18.0,187.057,8.25,39.0,57.0,139.4,60.400001525878906,71.7,73.0,74.0,64.0,71.8,66.4,67.9,69.7,61.3,77.2,79.4,37.0,67.11222222222223,64.76291358024692,72.34342592592593,6.0,8.0,26.7,17.350000381469727,17.35,104.2062,4.6,7.5,5.0,5.33,4.2,4.2,4.2,3.9,3.9,3.7,3.8,3.743333333333333,4.33,4.061901234567901,5.33,3.889314814814815,3.6124506172839506,5.33,5.33,6.9,8.12,5.120500000000001,1.1107342768741846,6.85,0.0,0.0,0.0
2025-03-24,44299500.0,41625400.0,53342000.0,28335600.0,22991800.0,5223000.0,1057300.0,12600.0,74.58953817894208,22.0,0.0,4996966.5,224000.0,289449.0,5.239999771118164,158942.0,19310.7890625,7568.0,4780.0,1526.0,965.4,757.682,323.328,114.8499984741211,276.7,3.910000085830689,242.224,267.164,274.321,72.44,26.36118091977829,18.0,187.057,8.25,39.0,57.0,139.4,61.380001068115234,71.7,73.0,74.0,64.0,71.8,66.4,67.9,69.7,61.3,77.2,79.4,37.0,67.11222222222223,64.76291358024692,72.34342592592593,6.0,8.0,26.7,17.350000381469727,17.35,104.2062,4.6,7.5,5.0,5.33,4.2,4.2,4.2,3.9,3.9,3.7,3.8,3.743333333333333,4.33,4.061901234567901,5.33,3.889314814814815,3.6124506172839506,5.33,5.33,6.9,8.12,5.120500000000001,1.1107342768741846,6.85,0.0,0.0,0.0
2025-03-25,34493600.0,31171200.0,29077500.0,20877600.0,18807800.0,3648600.0,685600.0,9100.0,74.58953817894208,22.0,0.0,4996966.5,224000.0,289449.0,5.010000228881836,158942.0,19310.7890625,7568.0,4780.0,1526.0,965.4,757.682,323.328,114.9499969482422,276.7,3.930000066757202,242.224,267.164,274.321,72.44,26.36118091977829,18.0,187.057,8.380000114440918,39.0,57.0,139.4,61.209999084472656,71.7,73.0,74.0,64.0,71.8,66.4,67.9,69.7,61.3,77.2,79.4,37.0,67.11222222222223,64.76291358024692,72.34342592592593,6.0,8.0,26.7,17.350000381469727,17.35,104.2062,4.6,7.5,5.0,5.33,4.2,4.2,4.2,3.9,3.9,3.7,3.8,3.743333333333333,4.33,4.061901234567901,5.33,3.889314814814815,3.6124506172839506,5.33,5.33,6.9,8.12,5.120500000000001,1.1107342768741846,6.85,0.0,0.0,0.0
2025-03-26,34466100.0,32855300.0,39824000.0,30621200.0,21401100.0,3425000.0,477500.0,10000.0,74.58953817894208,22.0,0.0,4996966.5,224000.0,289449.0,4.909999847412109,158942.0,19310.7890625,7568.0,4780.0,1526.0,965.4,757.682,323.328,115.9000015258789,276.7,4.090000152587891,242.224,267.164,274.321,72.44,26.36118091977829,18.0,187.057,8.300000190734863,39.0,57.0,139.4,61.84000015258789,71.7,73.0,74.0,64.0,71.8,66.4,67.9,69.7,61.3,77.2,79.4,37.0,67.11222222222223,64.76291358024692,72.34342592592593,6.0,8.0,26.7,17.350000381469727,17.35,104.2062,4.6,7.5,5.0,5.33,4.2,4.2,4.2,3.9,3.9,3.7,3.8,3.743333333333333,4.33,4.061901234567901,5.33,3.889314814814815,3.6124506172839506,5.33,5.33,6.9,8.12,5.120500000000001,1.1107342768741846,6.85,0.0,0.0,0.0
2025-03-27,37094800.0,27317700.0,32773700.0,25720200.0,32404400.0,2729700.0,483400.0,82300.0,74.58953817894208,22.0,0.0,4996966.5,224000.0,289449.0,4.980000019073486,158942.0,19310.7890625,7568.0,4780.0,1526.0,965.4,757.682,323.328,107.62000274658205,276.7,4.75,242.224,267.164,274.321,72.44,26.36118091977829,18.0,187.057,8.0,39.0,57.0,139.4,61.97999954223633,71.7,73.0,74.0,64.0,71.8,66.4,67.9,69.7,61.3,77.2,79.4,37.0,67.11222222222223,64.76291358024692,72.34342592592593,6.0,8.0,26.7,17.350000381469727,17.35,104.2062,4.6,7.5,5.0,5.33,4.2,4.2,4.2,3.9,3.9,3.7,3.8,3.743333333333333,4.33,4.061901234567901,5.33,3.889314814814815,3.6124506172839506,5.33,5.33,6.9,8.12,5.120500000000001,1.1107342768741846,6.85,0.0,0.0,0.0
2025-03-28,39818600.0,52548200.0,31069100.0,24931700.0,20976800.0,3830300.0,626500.0,42800.0,74.58953817894208,22.0,0.0,4996966.5,224000.0,289449.0,4.989999771118164,158942.0,19310.7890625,7568.0,4780.0,1526.0,965.4,757.682,323.328,106.51000213623048,276.7,4.590000152587891,242.224,267.164,274.321,72.44,26.36118091977829,18.0,187.057,7.920000076293945,39.0,57.0,139.4,61.779998779296875,71.7,73.0,74.0,64.0,71.8,66.4,67.9,69.7,61.3,77.2,79.4,37.0,67.11222222222223,64.76291358024692,72.34342592592593,6.0,8.0,26.7,17.350000381469727,17.35,104.2062,4.6,7.5,5.0,5.33,4.2,4.2,4.2,3.9,3.9,3.7,3.8,3.743333333333333,4.33,4.061901234567901,5.33,3.889314814814815,3.6124506172839506,5.33,5.33,6.9,8.12,5.120500000000001,1.1107342768741846,6.85,0.0,0.0,0.0
2025-03-31,65299300.0,63547600.0,30865300.0,29335700.0,18042700.0,3960700.0,566900.0,23300.0,74.58953817894208,22.0,0.0,4996966.5,224000.0,289449.0,4.659999847412109,158942.0,19310.7890625,7568.0,4780.0,1526.0,965.4,757.682,323.328,102.81999969482422,276.7,4.269999980926514,242.224,267.164,274.321,72.44,26.36118091977829,18.0,187.057,7.769999980926514,39.0,57.0,139.4,61.900001525878906,71.7,73.0,74.0,64.0,71.8,66.4,67.9,69.7,61.3,77.2,79.4,37.0,67.11222222222223,64.76291358024692,72.34342592592593,6.0,8.0,26.7,17.350000381469727,17.35,104.2062,4.6,7.5,5.0,5.33,4.2,4.2,4.2,3.9,3.9,3.7,3.8,3.743333333333333,4.33,4.061901234567901,5.33,3.889314814814815,3.6124506172839506,5.33,5.33,6.9,8.12,5.120500000000001,1.1107342768741846,6.85,0.0,0.0,0.0
2025-04-01,36412700.0,41267300.0,23523200.0,17381400.0,21420500.0,3847800.0,733400.0,22500.0,74.58953817894208,22.0,0.0,4996966.5,224000.0,289449.0,4.670000076293945,158942.0,19310.7890625,7568.0,4780.0,1526.0,965.4,757.682,323.328,102.83000183105467,276.7,4.5,242.224,267.164,274.321,72.44,26.36118091977829,18.0,187.057,7.880000114440918,39.0,57.0,139.4,62.040000915527344,71.7,73.0,74.0,64.0,71.8,66.4,67.9,69.7,61.3,77.2,79.4,37.0,67.11222222222223,64.76291358024692,72.34342592592593,6.0,8.0,26.7,17.350000381469727,17.35,104.2062,4.6,7.5,5.0,5.33,4.2,4.2,4.2,3.9,3.9,3.7,3.8,3.743333333333333,4.33,4.061901234567901,5.33,3.889314814814815,3.6124506172839506,5.33,5.33,6.9,8.12,5.120500000000001,1.1107342768741846,6.85,0.0,0.0,0.0
2025-04-02,35905900.0,53679200.0,20794000.0,18610700.0,25293400.0,2859100.0,540900.0,23200.0,74.58953817894208,22.0,0.0,4996966.5,224000.0,289449.0,4.730000019073486,158942.0,19310.7890625,7568.0,4780.0,1526.0,965.4,757.682,323.328,104.19000244140624,276.7,4.619999885559082,242.224,267.164,274.321,72.44,26.36118091977829,18.0,187.057,7.800000190734863,39.0,57.0,139.4,61.869998931884766,71.7,73.0,74.0,64.0,71.8,66.4,67.9,69.7,61.3,77.2,79.4,37.0,67.11222222222223,64.76291358024692,72.34342592592593,6.0,8.0,26.7,17.350000381469727,17.35,104.2062,4.6,7.5,5.0,5.33,4.2,4.2,4.2,3.9,3.9,3.7,3.8,3.743333333333333,4.33,4.061901234567901,5.33,3.889314814814815,3.6124506172839506,5.33,5.33,6.9,8.12,5.120500000000001,1.1107342768741846,6.85,0.0,0.0,0.0
2025-04-03,103419000.0,95553600.0,50472500.0,40006300.0,29123200.0,5324400.0,567300.0,173200.0,74.58953817894208,22.0,0.0,4996966.5,224000.0,289449.0,4.849999904632568,158942.0,19310.7890625,7568.0,4780.0,1526.0,965.4,757.682,323.328,99.4499969482422,276.7,5.78000020980835,242.224,267.164,274.321,72.44,26.36118091977829,18.0,187.057,7.789999961853027,39.0,57.0,139.4,59.91999816894531,71.7,73.0,74.0,64.0,71.8,66.4,67.9,69.7,61.3,77.2,79.4,37.0,67.11222222222223,64.76291358024692,72.34342592592593,6.0,8.0,26.7,17.350000381469727,17.35,104.2062,4.6,7.5,5.0,5.33,4.2,4.2,4.2,3.9,3.9,3.7,3.8,3.743333333333333,4.33,4.061901234567901,5.33,3.889314814814815,3.6124506172839506,5.33,5.33,6.9,8.12,5.120500000000001,1.1107342768741846,6.85,0.0,0.0,0.0
2025-04-04,125910900.0,123159400.0,65847000.0,42924400.0,28080400.0,5867600.0,905500.0,546600.0,74.58953817894208,22.0,0.0,4996966.5,224000.0,289449.0,4.800000190734863,158942.0,19310.7890625,7568.0,4780.0,1526.0,965.4,757.682,323.328,91.08000183105467,276.7,7.75,242.224,267.164,274.321,72.44,26.36118091977829,18.0,187.057,7.21999979019165,39.0,57.0,139.4,57.470001220703125,71.7,73.0,74.0,64.0,71.8,66.4,67.9,69.7,61.3,77.2,79.4,37.0,67.11222222222223,64.76291358024692,72.34342592592593,6.0,8.0,26.7,17.350000381469727,17.35,104.2062,4.6,7.5,5.0,5.33,4.2,4.2,4.2,3.9,3.9,3.7,3.8,3.743333333333333,4.33,4.061901234567901,5.33,3.889314814814815,3.6124506172839506,5.33,5.33,6.9,8.12,5.120500000000001,1.1107342768741846,6.85,0.0,0.0,0.0
2025-04-07,160466300.0,109327100.0,70515400.0,46816200.0,39605900.0,7690900.0,619600.0,254300.0,74.58953817894208,22.0,0.0,4996966.5,224000.0,289449.0,4.559999942779541,158942.0,19310.7890625,7568.0,4780.0,1526.0,965.4,757.682,323.328,89.0,276.7,7.5,242.224,267.164,274.321,72.44,26.36118091977829,18.0,187.057,7.239999771118164,39.0,57.0,139.4,56.119998931884766,71.7,73.0,74.0,64.0,71.8,66.4,67.9,69.7,61.3,77.2,79.4,37.0,67.11222222222223,64.76291358024692,72.34342592592593,6.0,8.0,26.7,17.350000381469727,17.35,104.2062,4.6,7.5,5.0,5.33,4.2,4.2,4.2,3.9,3.9,3.7,3.8,3.743333333333333,4.33,4.061901234567901,5.33,3.889314814814815,3.6124506172839506,5.33,5.33,6.9,8.12,5.120500000000001,1.1107342768741846,6.85,0.0,0.0,0.0
2025-04-08,120859500.0,87710400.0,69910200.0,37377000.0,39648500.0,6650800.0,673700.0,77500.0,74.58953817894208,22.0,0.0,4996966.5,224000.0,289449.0,4.519999980926514,158942.0,19310.7890625,7568.0,4780.0,1526.0,965.4,757.682,323.328,88.93000030517578,276.7,6.150000095367432,242.224,267.164,274.321,72.44,26.36118091977829,18.0,187.057,7.110000133514404,39.0,57.0,139.4,55.869998931884766,71.7,73.0,74.0,64.0,71.8,66.4,67.9,69.7,61.3,77.2,79.4,37.0,67.11222222222223,64.76291358024692,72.34342592592593,6.0,8.0,26.7,17.350000381469727,17.35,104.2062,4.6,7.5,5.0,5.33,4.2,4.2,4.2,3.9,3.9,3.7,3.8,3.743333333333333,4.33,4.061901234567901,5.33,3.889314814814815,3.6124506172839506,5.33,5.33,6.9,8.12,5.120500000000001,1.1107342768741846,6.85,0.0,0.0,0.0
2025-04-09,120859500.0,87710400.0,69910200.0,37377000.0,39648500.0,6650800.0,673700.0,77500.0,74.58953817894208,22.0,0.0,4996966.5,224000.0,289449.0,4.519999980926514,158942.0,19310.7890625,7568.0,4780.0,1526.0,965.4,757.682,323.328,88.93000030517578,276.7,6.150000095367432,242.224,267.164,274.321,72.44,26.36118091977829,18.0,187.057,7.110000133514404,39.0,57.0,139.4,55.869998931884766,71.7,73.0,74.0,64.0,71.8,66.4,67.9,69.7,61.3,77.2,79.4,37.0,67.11222222222223,64.76291358024692,72.34342592592593,6.0,8.0,26.7,17.350000381469727,17.35,104.2062,4.6,7.5,5.0,5.33,4.2,4.2,4.2,3.9,3.9,3.7,3.8,3.743333333333333,4.33,4.061901234567901,5.33,3.889314814814815,3.6124506172839506,5.33,5.33,6.9,8.12,5.120500000000001,1.1107342768741846,6.85,0.0,0.0,0.0
2025-04-10,120859500.0,87710400.0,69910200.0,37377000.0,39648500.0,6650800.0,673700.0,77500.0,74.58953817894208,22.0,0.0,4996966.5,224000.0,289449.0,4.519999980926514,158942.0,19310.7890625,7568.0,4780.0,1526.0,965.4,757.682,323.328,88.93000030517578,276.7,6.150000095367432,242.224,267.164,274.321,72.44,26.36118091977829,18.0,187.057,7.110000133514404,39.0,57.0,139.4,55.869998931884766,71.7,73.0,74.0,64.0,71.8,66.4,67.9,69.7,61.3,77.2,79.4,37.0,67.11222222222223,64.76291358024692,72.34342592592593,6.0,8.0,26.7,17.350000381469727,17.35,104.2062,4.6,7.5,5.0,5.33,4.2,4.2,4.2,3.9,3.9,3.7,3.8,3.743333333333333,4.33,4.061901234567901,5.33,3.889314814814815,3.6124506172839506,5.33,5.33,6.9,8.12,5.120500000000001,1.1107342768741846,6.85,0.0,0.0,0.0
2025-06-01,121444553.9965981,88660726.3943003,69852230.7080082,37921087.727519974,39135951.51233072,6601349.748392481,673681.8846114784,79772.97917887029,74.58953817894208,22.0,0.0,4996966.494539345,224000.00000073967,289449.1315664721,2.5300767559315243,158942.00000000003,19312.322797855653,7567.998826702999,4779.96851012048,1526.0000079753324,965.3999991807688,757.6844262264208,323.32797695405475,88.93888619964233,276.7000004015325,6.14691970631135,242.22400240728064,267.1531478185142,274.3210001103069,72.44000000252089,26.36118091977829,18.0,187.05700000000027,7.100320241706543,39.0,57.0009476653321,139.4,55.87008849324404,71.69614205210588,73.00130869714515,74.00000008463364,64.00435697166333,71.79734466408095,66.39704735499731,67.89742234497074,69.69794778478372,61.297242102133936,77.1989373352096,79.40021672805702,37.000981029601,67.11222222219389,64.76292735195322,72.34343483946029,6.0,8.000481940659608,26.7,17.349860758571676,17.35000007206164,104.2062033451974,4.600000010721538,7.499906286175731,4.99975878909854,5.3300000000000445,4.199807040731612,4.199770829087036,4.199758780213508,3.899746712327667,3.899758775142032,3.6997346528644104,3.799734659248914,3.7433333375333593,4.32725745941077,4.061903362497934,5.330223881736255,3.8893171758073817,3.6124525727143206,5.3306127876699385,5.331639821103618,6.90000000000071,8.11999999999999,5.120524996928354,1.1107342768741846,6.85000001965158,,,
2025-07-01,121415522.44003417,88649636.28934327,69856606.95246346,37920536.25681075,39139249.42503194,6601434.69847291,673733.9270910579,79779.42295660917,74.58953817894208,22.0,0.0,4996966.489110522,224000.00000147225,289449.2479873908,0.5501041369971791,158942.00000000006,19313.776551869585,7567.997660440148,4779.9371911373355,1526.0000159027895,965.3999983615378,757.6868524528027,323.32795390811,88.94777209394339,276.7000008030651,6.143854552048689,242.22400481456137,267.1425941531903,274.32100022061377,72.44000000504178,26.36118091977829,18.0,187.05700000000056,7.090763234668481,39.0,57.00189533065007,139.4,55.87017805460198,71.69228410426936,73.00261739427079,74.00000016926727,64.00871394326172,71.7946893282015,66.39409471003862,67.89484468997988,69.69589556959802,61.29448420430898,77.19787467043504,79.40043345604066,37.001957153563424,67.11222222216557,64.76294112365929,72.3434437529945,6.0,8.000963881312034,26.7,17.349736461752844,17.35000014412328,104.20620669039477,4.600000021443075,7.499812572353181,4.999517578200675,5.330000000000088,4.199614081466217,4.199541658177636,4.1995175604306105,3.8994934246591417,3.8995175502876585,3.699469305732774,3.799469318501782,3.7433333417333854,4.324534937170683,4.061905490427933,5.330446281598139,3.88931953679991,3.6124545281446583,5.331220544873244,5.333279642182605,6.90000000000142,8.119999999999981,5.120549993856307,1.1107342768741846,6.8500000393031595,,,
2025-08-01,121386490.8834702,88638546.18438625,69860983.19691874,37919984.78610153,39142547.33773316,6601519.648553338,673785.9695706374,79785.86673434806,74.58953817894208,22.0,0.0,4996966.483681699,224000.00000220485,289449.3644083095,-1.4298684819371656,158942.00000000006,19315.230305883513,7567.996494177297,4779.905872154191,1526.0000238302468,965.3999975423068,757.6892786791847,323.32793086216515,88.95665798824446,276.70000120459764,6.140789397786027,242.224007221842,267.13204048786645,274.32100033092064,72.44000000756266,26.36118091977829,18.0,187.05700000000087,7.081206227630419,39.0,57.00284299596804,139.4,55.87026761595992,71.68842615643284,73.00392609139644,74.00000025390091,64.01307091486012,71.79203399232203,66.39114206507992,67.892267034989,69.69384335441232,61.291726306484016,77.19681200566048,79.40065018402431,37.002933277525855,67.11222222213723,64.76295489536537,72.3434526665287,6.0,8.00144582196446,26.7,17.34961216493401,17.350000216184917,104.2062100355921,4.600000032164614,7.499718858530632,4.9992763673028096,5.330000000000132,4.199421122200824,4.199312487268235,4.199276340647712,3.899240136990616,3.8992763254332847,3.699203958601138,3.7992039777546505,3.743333345933411,4.321812414930596,4.061907618357932,5.330668681460024,3.8893218977924384,3.6124564835749977,5.331828302076549,5.334919463261592,6.900000000002128,8.119999999999973,5.120574990784261,1.1107342768741846,6.85000005895474,,,
2025-09-01,121357459.32690623,88627456.07942922,69865359.441374,37919433.31539231,39145845.25043438,6601604.598633767,673838.0120502169,79792.31051208694,74.58953817894208,22.0,0.0,4996966.478252877,224000.00000293745,289449.48082922824,-3.4098411008715113,158942.0000000001,19316.68405989744,7567.995327914445,4779.8745531710465,1526.000031757704,965.3999967230756,757.6917049055666,323.3279078162204,88.96554388254552,276.70000160613023,6.137724243523365,242.22400962912263,267.1214868225426,274.3210004412275,72.44000001008355,26.36118091977829,18.0,187.05700000000115,7.071649220592358,39.0,57.00379066128601,139.4,55.87035717731785,71.68456820859632,73.00523478852207,74.00000033853453,64.01742788645852,71.78937865644258,66.38818942012122,67.88968937999813,69.69179113922662,61.28896840865905,77.19574934088591,79.40086691200797,37.00390940148828,67.1122222221089,64.76296866707143,72.34346158006291,6.0,8.001927762616884,26.7,17.349487868115176,17.350000288246555,104.20621338078944,4.600000042886151,7.499625144708082,4.999035156404944,5.330000000000176,4.199228162935429,4.199083316358834,4.1990351208648145,3.8989868493220894,3.899035100578911,3.6989386114695018,3.798938637007519,3.743333350133437,4.319089892690509,4.06190974628793,5.330891081321908,3.8893242587849666,3.6124584390053354,5.332436059279854,5.336559284340579,6.900000000002838,8.119999999999964,5.120599987712215,1.1107342768741846,6.85000007860632,,,
2025-10-01,121328427.7703423,88616365.97447221,69869735.68582927,37918881.84468309,39149143.1631356,6601689.548714195,673890.0545297965,79798.75428982584,74.58953817894208,22.0,0.0,4996966.472824054,224000.00000367005,289449.59725014697,-5.389813719805857,158942.00000000012,19318.137813911373,7567.9941616515935,4779.843234187902,1526.0000396851613,965.3999959038446,757.6941311319484,323.32788477027555,88.97442977684659,276.70000200766276,6.134659089260704,242.2240120364033,267.1109331572187,274.32100055153444,72.44000001260444,26.36118091977829,18.0,187.05700000000144,7.062092213554296,39.0,57.00473832660398,139.4,55.87044673867579,71.68071026075978,73.00654348564773,74.00000042316817,64.02178485805692,71.78672332056311,66.38523677516253,67.88711172500727,69.68973892404092,61.286210510834096,77.19468667611135,79.40108363999163,37.00488552545071,67.11222222208058,64.76298243877751,72.34347049359711,6.0,8.00240970326931,26.7,17.34936357129634,17.35000036030819,104.20621672598678,4.6000000536076895,7.499531430885533,4.99879394550708,5.33000000000022,4.199035203670035,4.198854145449433,4.198793901081917,3.898733561653564,3.8987938757245377,3.6986732643378657,3.798673296260387,3.7433333543334633,4.316367370450422,4.061911874217929,5.331113481183793,3.8893266197774943,3.612460394435674,5.333043816483159,5.338199105419566,6.900000000003548,8.119999999999953,5.120624984640169,1.1107342768741846,6.8500000982579,,,
2025-11-01,121299396.21377836,88605275.8695152,69874111.93028453,37918330.37397386,39152441.075836815,6601774.498794624,673942.097009376,79805.19806756472,74.58953817894208,22.0,0.0,4996966.467395231,224000.00000440265,289449.71367106563,-7.369786338740201,158942.00000000015,19319.5915679253,7567.992995388742,4779.811915204758,1526.0000476126183,965.3999950846136,757.6965573583303,323.3278617243308,88.98331567114766,276.70000240919535,6.131593934998041,242.22401444368396,267.10037949189484,274.3210006618413,72.44000001512534,26.36118091977829,18.0,187.05700000000175,7.052535206516234,39.0,57.00568599192195,139.4,55.87053630003373,71.67685231292326,73.00785218277338,74.0000005078018,64.02614182965532,71.78406798468366,66.38228413020383,67.8845340700164,69.68768670885524,61.28345261300913,77.19362401133677,79.40130036797527,37.00586164941314,67.11222222205224,64.76299621048358,72.34347940713133,6.0,8.002891643921735,26.7,17.349239274477505,17.35000043236983,104.20622007118412,4.600000064329227,7.499437717062983,4.9985527346092145,5.330000000000265,4.1988422444046405,4.198624974540032,4.198552681299019,3.8984802739850375,3.898552650870164,3.698407917206229,3.7984079555132553,3.74333335853349,4.313644848210335,4.061914002147928,5.3313358810456775,3.889328980770023,3.612462349866012,5.333651573686465,5.339838926498552,6.900000000004257,8.119999999999944,5.120649981568122,1.1107342768741846,6.85000011790948,,,
2025-12-01,121270364.65721442,88594185.76455817,69878488.17473981,37917778.90326464,39155738.988538034,6601859.448875052,673994.1394889555,79811.64184530362,74.58953817894208,22.0,0.0,4996966.461966408,224000.00000513525,289449.83009198436,-9.349758957674544,158942.00000000015,19321.045321939233,7567.991829125891,4779.780596221614,1526.0000555400757,965.3999942653824,757.6989835847122,323.32783867838594,88.99220156544872,276.7000028107279,6.12852878073538,242.22401685096463,267.089825826571,274.3210007721482,72.44000001764621,26.36118091977829,18.0,187.05700000000203,7.042978199478172,39.0,57.00663365723992,139.4,55.870625861391666,71.67299436508674,73.00916087989901,74.00000059243544,64.03049880125371,71.78141264880419,66.37933148524513,67.88195641502553,69.68563449366954,61.280694715184175,77.1925613465622,79.40151709595892,37.006837773375565,67.1122222220239,64.76300998218966,72.34348832066553,6.0,8.003373584574161,26.7,17.349114977658672,17.350000504431467,104.20622341638146,4.600000075050765,7.4993440032404335,4.998311523711349,5.330000000000308,4.198649285139246,4.198395803630631,4.198311461516122,3.8982269863165113,3.8983114260157903,3.698142570074593,3.7981426147661232,3.743333362733515,4.310922325970248,4.061916130077926,5.3315582809075615,3.889331341762551,3.6124643052963505,5.33425933088977,5.341478747577539,6.900000000004967,8.119999999999935,5.120674978496076,1.1107342768741846,6.85000013756106,,,
2026-01-01,121241333.10065047,88583095.65960115,69882864.41919507,37917227.43255542,39159036.90123925,6601944.39895548,674046.1819685351,79818.0856230425,74.58953817894208,22.0,0.0,4996966.456537586,224000.00000586783,289449.9465129031,-11.329731576608893,158942.00000000015,19322.49907595316,7567.99066286304,4779.749277238469,1526.0000634675328,965.3999934461514,757.7014098110942,323.3278156324412,89.0010874597498,276.70000321226047,6.125463626472718,242.22401925824528,267.0792721612471,274.32100088245505,72.4400000201671,26.36118091977829,18.0,187.05700000000232,7.033421192440111,39.0,57.00758132255789,139.4,55.870715422749605,71.66913641725021,73.01046957702466,74.00000067706907,64.03485577285211,71.77875731292474,66.37637884028643,67.87937876003467,69.68358227848384,61.27793681735921,77.19149868178764,79.40173382394258,37.007813897338,67.11222222199558,64.76302375389572,72.34349723419973,6.0,8.003855525226587,26.7,17.348990680839837,17.350000576493105,104.2062267615788,4.600000085772303,7.499250289417883,4.998070312813484,5.330000000000353,4.198456325873852,4.19816663272123,4.198070241733224,3.8979736986479856,3.898070201161417,3.6978772229429566,3.797877274018992,3.7433333669335416,4.308199803730161,4.061918258007925,5.331780680769446,3.88933370275508,3.6124662607266886,5.334867088093075,5.343118568656526,6.900000000005677,8.119999999999926,5.12069997542403,1.1107342768741846,6.85000015721264,,,
2026-02-01,121212301.54408652,88572005.55464412,69887240.66365033,37916675.961846195,39162334.81394047,6602029.3490359085,674098.2244481146,79824.5294007814,74.58953817894208,22.0,0.0,4996966.451108763,224000.0000066004,289450.0629338218,-13.309704195543237,158942.0000000002,19323.95282996709,7567.989496600188,4779.717958255325,1526.00007139499,965.3999926269204,757.7038360374761,323.32779258649634,89.00997335405086,276.700003613793,6.122398472210056,242.22402166552592,267.06871849592324,274.3210009927619,72.440000022688,26.36118091977829,18.0,187.0570000000026,7.023864185402049,39.0,57.008528987875856,139.4,55.870804984107544,71.66527846941369,73.01177827415032,74.00000076170271,64.03921274445052,71.77610197704527,66.37342619532774,67.8768011050438,69.68153006329814,61.27517891953425,77.19043601701307,79.40195055192623,37.00879002130042,67.11222222196724,64.7630375256018,72.34350614773395,6.0,8.004337465879013,26.7,17.348866384021,17.350000648554744,104.20623010677616,4.600000096493841,7.499156575595334,4.9978291019156185,5.330000000000397,4.198263366608458,4.197937461811829,4.197829021950326,3.897720410979459,3.8978289763070433,3.697611875811321,3.79761193327186,3.7433333711335672,4.305477281490074,4.061920385937924,5.33200308063133,3.889336063747608,3.612468216157027,5.33547484529638,5.344758389735513,6.9000000000063855,8.119999999999918,5.120724972351984,1.1107342768741846,6.850000176864221,,,
2026-03-01,121183269.9875226,88560915.44968711,69891616.9081056,37916124.491136976,39165632.72664169,6602114.299116337,674150.2669276941,79830.97317852029,74.58953817894208,22.0,0.0,4996966.445679939,224000.000007333,289450.1793547405,-15.289676814477584,158942.00000000023,19325.40658398102,7567.988330337337,4779.686639272181,1526.0000793224472,965.3999918076892,757.706262263858,323.32776954055157,89.01885924835193,276.70000401532553,6.119333317947395,242.2240240728066,267.05816483059937,274.3210011030688,72.44000002520889,26.36118091977829,18.0,187.05700000000292,7.014307178363987,39.0,57.00947665319383,139.4,55.87089454546548,71.66142052157717,73.01308697127595,74.00000084633633,64.04356971604892,71.77344664116582,66.37047355036904,67.87422345005294,69.67947784811244,61.27242102170929,77.1893733522385,79.40216727990988,37.00976614526285,67.11222222193891,64.76305129730787,72.34351506126815,6.0,8.004819406531437,26.7,17.34874208720217,17.350000720616382,104.20623345197347,4.600000107215378,7.499062861772785,4.997587891017753,5.330000000000441,4.198070407343064,4.197708290902428,4.197587802167428,3.8974671233109337,3.8975877514526696,3.697346528679685,3.797346592524728,3.743333375333594,4.302754759249987,4.0619225138679225,5.332225480493215,3.889338424740136,3.6124701715873657,5.336082602499686,5.3463982108145,6.900000000007095,8.119999999999909,5.120749969279937,1.1107342768741846,6.850000196515801,,,
2026-04-01,121154238.43095864,88549825.34473008,69895993.15256087,37915573.02042776,39168930.63934291,6602199.249196765,674202.3094072737,79837.41695625917,74.58953817894208,22.0,0.0,4996966.440251117,224000.0000080656,289450.2957756592,-17.269649433411928,158942.00000000023,19326.86033799495,7567.987164074485,4779.655320289037,1526.0000872499045,965.399990988458,757.7086884902399,323.32774649460674,89.027745142653,276.7000044168581,6.116268163684733,242.22402648008725,267.0476111652755,274.32100121337567,72.44000002772977,26.36118091977829,18.0,187.0570000000032,7.004750171325925,39.0,57.010424318511795,139.4,55.870984106823414,71.65756257374065,73.0143956684016,74.00000093096997,64.04792668764732,71.77079130528635,66.36752090541034,67.87164579506207,69.67742563292674,61.26966312388433,77.18831068746394,79.40238400789353,37.01074226922528,67.11222222191059,64.76306506901395,72.34352397480235,6.0,8.005301347183863,26.7,17.348617790383333,17.35000079267802,104.20623679717085,4.600000117936917,7.498969147950235,4.997346680119888,5.330000000000485,4.197877448077669,4.1974791199930275,4.19734658238453,3.897213835642407,3.897346526598296,3.697081181548048,3.797081251777597,3.743333379533619,4.3000322370099,4.061924641797921,5.332447880355099,3.889340785732664,3.612472127017704,5.336690359702991,5.348038031893487,6.900000000007805,8.1199999999999,5.120774966207891,1.1107342768741846,6.8500002161673805,,,
2026-05-01,121125206.87439469,88538735.23977306,69900369.39701614,37915021.54971854,39172228.55204413,6602284.199277194,674254.3518868531,79843.86073399807,74.58953817894208,22.0,0.0,4996966.434822294,224000.00000879815,289450.41219657793,-19.24962205234627,158942.00000000026,19328.314092008877,7567.985997811634,4779.624001305893,1526.0000951773616,965.3999901692272,757.7111147166218,323.32772344866197,89.03663103695406,276.70000481839065,6.1132030094220715,242.22402888736792,267.03705749995163,274.32100132368254,72.44000003025066,26.36118091977829,18.0,187.05700000000348,6.995193164287863,39.0,57.01137198382977,139.4,55.87107366818135,71.65370462590413,73.01570436552724,74.00000101560362,64.05228365924572,71.7681359694069,66.36456826045165,67.86906814007119,69.67537341774104,61.266905226059365,77.18724802268937,79.40260073587719,37.01171839318771,67.11222222188225,64.76307884072003,72.34353288833655,6.0,8.00578328783629,26.7,17.3484934935645,17.35000086473966,104.20624014236816,4.600000128658455,7.498875434127686,4.9971054692220225,5.3300000000005285,4.197684488812275,4.197249949083626,4.197105362601633,3.896960547973882,3.8971053017439226,3.696815834416412,3.796815911030465,3.7433333837336455,4.2973097147698125,4.06192676972792,5.332670280216984,3.889343146725192,3.612474082448042,5.337298116906296,5.349677852972474,6.900000000008514,8.11999999999989,5.120799963135845,1.1107342768741846,6.85000023581896,,,
2026-06-01,121096175.31783074,88527645.13481605,69904745.6414714,37914470.07900931,39175526.46474535,6602369.1493576225,674306.3943664327,79850.30451173695,74.58953817894208,22.0,0.0,4996966.429393471,224000.0000095308,289450.52861749666,-21.22959467128062,158942.0000000003,19329.76784602281,7567.9848315487825,4779.592682322748,1526.000103104819,965.399989349996,757.7135409430037,323.32770040271714,89.04551693125514,276.70000521992324,6.11013785515941,242.22403129464857,267.02650383462776,274.32100143398947,72.44000003277155,26.36118091977829,18.0,187.0570000000038,6.985636157249801,39.0,57.012319649147734,139.4,55.87116322953929,71.6498466780676,73.0170130626529,74.00000110023724,64.05664063084411,71.76548063352743,66.36161561549295,67.86649048508033,69.67332120255534,61.26414732823441,77.18618535791481,79.40281746386083,37.01269451715014,67.11222222185391,64.76309261242609,72.34354180187077,6.0,8.006265228488715,26.7,17.348369196745665,17.350000936801298,104.20624348756552,4.6000001393799925,7.498781720305136,4.996864258324158,5.330000000000573,4.19749152954688,4.197020778174226,4.196864142818735,3.896707260305355,3.896864076889549,3.696550487284776,3.796550570283333,3.743333387933672,4.294587192529725,4.061928897657919,5.332892680078869,3.88934550771772,3.612476037878381,5.337905874109601,5.351317674051461,6.900000000009224,8.119999999999882,5.120824960063799,1.1107342768741846,6.85000025547054,,,
2026-07-01,121067143.7612668,88516555.02985902,69909121.88592666,37913918.60830009,39178824.37744657,6602454.099438051,674358.4368460122,79856.74828947584,74.58953817894208,22.0,0.0,4996966.4239646485,224000.00001026335,289450.6450384153,-23.209567290214963,158942.00000000032,19331.221600036737,7567.983665285931,4779.561363339604,1526.000111032276,965.3999885307647,757.7159671693856,323.32767735677237,89.05440282555621,276.7000056214558,6.107072700896748,242.2240337019292,267.0159501693039,274.32100154429634,72.44000003529244,26.36118091977829,18.0,187.05700000000408,6.976079150211739,39.0,57.01326731446571,139.4,55.87125279089723,71.64598873023107,73.01832175977854,74.00000118487088,64.06099760244251,71.76282529764798,66.35866297053425,67.86391283008946,69.67126898736964,61.26138943040944,77.18512269314024,79.40303419184448,37.01367064111256,67.11222222182559,64.76310638413217,72.34355071540497,6.0,8.006747169141141,26.7,17.34824489992683,17.350001008862932,104.20624683276286,4.600000150101531,7.498688006482587,4.996623047426293,5.330000000000617,4.197298570281487,4.196791607264824,4.196622923035837,3.8964539726368295,3.896622852035175,3.6962851401531394,3.7962852295362017,3.7433333921336978,4.291864670289638,4.061931025587917,5.333115079940753,3.889347868710249,3.6124779933087185,5.338513631312907,5.352957495130448,6.900000000009934,8.119999999999871,5.120849956991753,1.1107342768741846,6.850000275122121,,,
2026-08-01,121038112.20470284,88505464.924902,69913498.13038194,37913367.13759087,39182122.29014779,6602539.049518479,674410.4793255917,79863.19206721472,74.58953817894208,22.0,0.0,4996966.418535826,224000.000010996,289450.76145933405,-25.18953990914931,158942.00000000035,19332.67535405067,7567.98249902308,4779.53004435646,1526.0001189597333,965.3999877115338,757.7183933957675,323.32765431082754,89.06328871985727,276.70000602298836,6.104007546634087,242.2240361092099,267.00539650398,274.3210016546032,72.44000003781332,26.36118091977829,18.0,187.05700000000436,6.966522143173678,39.0,57.014214979783674,139.4,55.87134235225517,71.64213078239455,73.01963045690418,74.00000126950451,64.06535457404091,71.76016996176851,66.35571032557556,67.86133517509859,69.66921677218394,61.25863153258448,77.18406002836568,79.40325091982814,37.01464676507499,67.11222222179725,64.76312015583824,72.34355962893918,6.0,8.007229109793567,26.7,17.348120603107997,17.35000108092457,104.2062501779602,4.600000160823068,7.498594292660036,4.996381836528427,5.330000000000661,4.1971056110160925,4.196562436355423,4.196381703252939,3.8962006849683033,3.896381627180802,3.6960197930215033,3.7960198887890697,3.7433333963337234,4.289142148049551,4.061933153517916,5.333337479802638,3.889350229702777,3.612479948739057,5.339121388516212,5.354597316209435,6.9000000000106425,8.119999999999862,5.1208749539197065,1.1107342768741846,6.850000294773701,,,
2026-09-01,121009080.64813893,88494374.81994498,69917874.3748372,37912815.66688164,39185420.20284901,6602623.999598907,674462.5218051713,79869.63584495362,74.58953817894208,22.0,0.0,4996966.413107003,224000.00001172855,289450.8778802528,-27.169512528083654,158942.00000000035,19334.129108064597,7567.981332760229,4779.498725373316,1526.0001268871904,965.3999868923028,757.7208196221494,323.32763126488277,89.07217461415834,276.7000064245209,6.100942392371425,242.22403851649057,266.99484283865615,274.3210017649101,72.44000004033421,26.36118091977829,18.0,187.05700000000465,6.956965136135616,39.0,57.01516264510164,139.4,55.87143191361311,71.63827283455802,73.02093915402983,74.00000135413815,64.06971154563931,71.75751462588906,66.35275768061686,67.85875752010773,69.66716455699826,61.25587363475952,77.18299736359111,79.4034676478118,37.015622889037424,67.11222222176893,64.76313392754432,72.34356854247339,6.0,8.007711050445993,26.7,17.34799630628916,17.35000115298621,104.20625352315754,4.600000171544607,7.498500578837487,4.996140625630562,5.330000000000705,4.196912651750698,4.196333265446023,4.1961404834700415,3.895947397299777,3.896140402326428,3.6957544458898672,3.7957545480419377,3.7433334005337495,4.286419625809464,4.061935281447915,5.333559879664522,3.8893525906953057,3.612481904169395,5.339729145719517,5.356237137288422,6.900000000011352,8.119999999999854,5.120899950847661,1.1107342768741846,6.850000314425281,,,
2026-10-01,120980049.09157497,88483284.71498796,69922250.61929247,37912264.19617242,39188718.11555023,6602708.949679336,674514.5642847508,79876.07962269252,74.58953817894208,22.0,0.0,4996966.40767818,224000.00001246115,289450.9943011715,-29.149485147018,158942.00000000038,19335.582862078525,7567.9801664973775,4779.467406390172,1526.0001348146477,965.3999860730715,757.7232458485313,323.32760821893794,89.0810605084594,276.7000068260535,6.0978772381087625,242.2240409237712,266.98428917333223,274.32100187521695,72.4400000428551,26.36118091977829,18.0,187.05700000000496,6.947408129097554,39.0,57.01611031041961,139.4,55.87152147497105,71.6344148867215,73.02224785115548,74.00000143877178,64.0740685172377,71.75485929000959,66.34980503565816,67.85617986511686,69.66511234181256,61.25311573693456,77.18193469881655,79.40368437579544,37.01659901299985,67.1122222217406,64.76314769925038,72.3435774560076,6.0,8.008192991098417,26.7,17.347872009470326,17.350001225047848,104.20625686835488,4.600000182266144,7.498406865014937,4.995899414732697,5.33000000000075,4.196719692485304,4.196104094536621,4.195899263687144,3.8956941096312514,3.8958991774720544,3.6954890987582303,3.795489207294806,3.743333404733776,4.283697103569377,4.061937409377913,5.333782279526407,3.8893549516878334,3.6124838595997337,5.340336902922822,5.357876958367408,6.900000000012062,8.119999999999845,5.120924947775614,1.1107342768741846,6.850000334076861,,,
2026-11-01,120951017.53501102,88472194.61003095,69926626.86374773,37911712.7254632,39192016.02825145,6602793.899759764,674566.6067643303,79882.5234004314,74.58953817894208,22.0,0.0,4996966.402249358,224000.00001319376,289451.1107220902,-31.129457765952345,158942.0000000004,19337.036616092457,7567.979000234525,4779.436087407027,1526.0001427421048,965.3999852538406,757.7256720749133,323.32758517299317,89.08994640276048,276.700007227586,6.094812083846101,242.22404333105183,266.97373550800836,274.3210019855238,72.440000045376,26.36118091977829,18.0,187.05700000000525,6.9378511220594925,39.0,57.01705797573758,139.4,55.871611036328986,71.63055693888498,73.02355654828112,74.00000152340542,64.0784254888361,71.75220395413014,66.34685239069947,67.85360221012598,69.66306012662686,61.2503578391096,77.18087203404197,79.40390110377909,37.01757513696228,67.11222222171226,64.76316147095646,72.3435863695418,6.0,8.008674931750843,26.7,17.347747712651493,17.350001297109486,104.20626021355224,4.600000192987682,7.498313151192388,4.995658203834831,5.330000000000793,4.196526733219909,4.195874923627221,4.195658043904246,3.895440821962725,3.8956579526176807,3.695223751626594,3.795223866547674,3.7433334089338017,4.28097458132929,4.061939537307912,5.334004679388292,3.8893573126803616,3.612485815030072,5.3409446601261275,5.359516779446395,6.9000000000127715,8.119999999999836,5.120949944703568,1.1107342768741846,6.850000353728441,,,
2026-12-01,120921985.97844708,88461104.50507392,69931003.10820301,37911161.254753985,39195313.940952666,6602878.849840192,674618.6492439099,79888.9671781703,74.58953817894208,22.0,0.0,4996966.396820535,224000.00001392633,289451.2271430089,-33.109430384886686,158942.00000000044,19338.490370106385,7567.977833971674,4779.404768423883,1526.000150669562,965.3999844346096,757.7280983012952,323.32756212704834,89.09883229706155,276.70000762911855,6.091746929583439,242.2240457383325,266.9631818426845,274.3210020958307,72.44000004789689,26.36118091977829,18.0,187.05700000000553,6.928294115021431,39.0,57.01800564105555,139.4,55.87170059768692,71.62669899104846,73.02486524540677,74.00000160803904,64.0827824604345,71.74954861825067,66.34389974574077,67.85102455513513,69.66100791144116,61.24759994128464,77.1798093692674,79.40411783176275,37.0185512609247,67.11222222168394,64.76317524266253,72.343595283076,6.0,8.009156872403269,26.7,17.347623415832658,17.350001369171125,104.20626355874958,4.60000020370922,7.498219437369839,4.995416992936966,5.330000000000838,4.196333773954515,4.1956457527178195,4.195416824121349,3.895187534294199,3.8954167277633074,3.6949584044949586,3.7949585258005425,3.743333413133828,4.278252059089203,4.061941665237911,5.334227079250176,3.88935967367289,3.6124877704604104,5.341552417329432,5.361156600525382,6.900000000013481,8.119999999999827,5.120974941631522,1.1107342768741846,6.850000373380021,,,
